info: Microsoft.EntityFrameworkCore.Database.Command[20101]
      Executed DbCommand (40ms) [Parameters=[], CommandType='Text', CommandTimeout='30']
      SELECT 1
info: Microsoft.EntityFrameworkCore.Database.Command[20101]
      Executed DbCommand (32ms) [Parameters=[], CommandType='Text', CommandTimeout='30']
      SELECT OBJECT_ID(N'[__EFMigrationsHistory]');
info: Microsoft.EntityFrameworkCore.Database.Command[20101]
      Executed DbCommand (1ms) [Parameters=[], CommandType='Text', CommandTimeout='30']
      SELECT 1
info: Microsoft.EntityFrameworkCore.Database.Command[20101]
      Executed DbCommand (2ms) [Parameters=[], CommandType='Text', CommandTimeout='30']
      SELECT OBJECT_ID(N'[__EFMigrationsHistory]');
info: Microsoft.EntityFrameworkCore.Database.Command[20101]
      Executed DbCommand (39ms) [Parameters=[], CommandType='Text', CommandTimeout='30']
      SELECT [MigrationId], [ProductVersion]
      FROM [__EFMigrationsHistory]
      ORDER BY [MigrationId];
info: Microsoft.EntityFrameworkCore.Migrations[20405]
      No migrations were applied. The database is already up to date.
info: Microsoft.EntityFrameworkCore.Database.Command[20101]
      Executed DbCommand (47ms) [Parameters=[@__adminEmail_0='?' (Size = 100)], CommandType='Text', CommandTimeout='30']
      SELECT TOP(1) [s].[Id], [s].[Address], [s].[Course], [s].[CreatedAt], [s].[Email], [s].[FullName], [s].[MustChangePassword], [s].[PasswordHash], [s].[Role], [s].[StudentNumber], [s].[YearLevel]
      FROM [Students] AS [s]
      WHERE [s].[Email] = @__adminEmail_0 OR [s].[StudentNumber] = N'ADMIN001'
info: Microsoft.EntityFrameworkCore.Database.Command[20101]
      Executed DbCommand (24ms) [Parameters=[@p1='?' (DbType = Int32), @p0='?' (Size = 4000)], CommandType='Text', CommandTimeout='30']
      SET IMPLICIT_TRANSACTIONS OFF;
      SET NOCOUNT ON;
      UPDATE [Students] SET [PasswordHash] = @p0
      OUTPUT 1
      WHERE [Id] = @p1;
info: Quartz.Core.SchedulerSignalerImpl[0]
      Initialized Scheduler Signaller of type: Quartz.Core.SchedulerSignalerImpl
info: Quartz.Core.QuartzScheduler[0]
      Quartz Scheduler created
info: Quartz.Core.QuartzScheduler[0]
      JobFactory set to: Quartz.Simpl.MicrosoftDependencyInjectionJobFactory
info: Quartz.Simpl.RAMJobStore[0]
      RAMJobStore initialized.
info: Quartz.Impl.StdSchedulerFactory[0]
      Quartz Scheduler 3.8.0.0 - 'QuartzScheduler' with instanceId 'NON_CLUSTERED' initialized
info: Quartz.Impl.StdSchedulerFactory[0]
      Using thread pool 'Quartz.Simpl.DefaultThreadPool', size: 10
info: Quartz.Impl.StdSchedulerFactory[0]
      Using job store 'Quartz.Simpl.RAMJobStore', supports persistence: False, clustered: False
info: Microsoft.Hosting.Lifetime[14]
      Now listening on: http://localhost:5000
info: Microsoft.Hosting.Lifetime[0]
      Application started. Press Ctrl+C to shut down.
info: Microsoft.Hosting.Lifetime[0]
      Hosting environment: Production
info: Microsoft.Hosting.Lifetime[0]
      Content root path: C:\Users\jakesanico\Downloads\Ecashier\backend
info: Quartz.Core.QuartzScheduler[0]
      Scheduler QuartzScheduler_$_NON_CLUSTERED started.
info: ECashier.Jobs.PaymentStatusCheckJob[0]
      PaymentStatusCheckJob started at 09/25/2026 05:07:36
info: Microsoft.EntityFrameworkCore.Database.Command[20101]
      Executed DbCommand (31ms) [Parameters=[], CommandType='Text', CommandTimeout='30']
      SELECT [p].[Id], [p].[Amount], [p].[CreatedAt], [p].[Description], [p].[ExternalReferenceId], [p].[FeeStructureId], [p].[PaidAt], [p].[PaymentType], [p].[Status], [p].[StudentId]
      FROM [Payments] AS [p]
      WHERE [p].[Status] = N'Pending' AND [p].[ExternalReferenceId] IS NOT NULL
info: ECashier.Jobs.PaymentStatusCheckJob[0]
      Found 0 pending payments to check
info: ECashier.Jobs.PaymentStatusCheckJob[0]
      PaymentStatusCheckJob completed at 09/25/2026 05:07:36
info: ECashier.Jobs.PaymentStatusCheckJob[0]
      PaymentStatusCheckJob started at 09/25/2026 05:08:03
info: Microsoft.EntityFrameworkCore.Database.Command[20101]
      Executed DbCommand (11ms) [Parameters=[], CommandType='Text', CommandTimeout='30']
      SELECT [p].[Id], [p].[Amount], [p].[CreatedAt], [p].[Description], [p].[ExternalReferenceId], [p].[FeeStructureId], [p].[PaidAt], [p].[PaymentType], [p].[Status], [p].[StudentId]
      FROM [Payments] AS [p]
      WHERE [p].[Status] = N'Pending' AND [p].[ExternalReferenceId] IS NOT NULL
info: ECashier.Jobs.PaymentStatusCheckJob[0]
      Found 0 pending payments to check
info: ECashier.Jobs.PaymentStatusCheckJob[0]
      PaymentStatusCheckJob completed at 09/25/2026 05:08:03
info: Microsoft.EntityFrameworkCore.Database.Command[20101]
      Executed DbCommand (19ms) [Parameters=[@__ToLower_0='?' (Size = 100), @__ToLower_0_1='?' (Size = 50)], CommandType='Text', CommandTimeout='30']
      SELECT TOP(1) [s].[Id], [s].[Address], [s].[Course], [s].[CreatedAt], [s].[Email], [s].[FullName], [s].[MustChangePassword], [s].[PasswordHash], [s].[Role], [s].[StudentNumber], [s].[YearLevel]
      FROM [Students] AS [s]
      WHERE LOWER([s].[Email]) = @__ToLower_0 OR LOWER([s].[StudentNumber]) = @__ToLower_0_1
info: Microsoft.EntityFrameworkCore.Database.Command[20101]
      Executed DbCommand (12ms) [Parameters=[], CommandType='Text', CommandTimeout='30']
      SELECT [p].[Id], [p].[StudentId], [s].[FullName] AS [StudentName], [s].[StudentNumber], [p].[PaymentType], [p].[Amount], [p].[Status], [p].[CreatedAt], [p].[PaidAt], [p].[Description], [p].[ExternalReferenceId]
      FROM [Payments] AS [p]
      INNER JOIN [Students] AS [s] ON [p].[StudentId] = [s].[Id]
      ORDER BY [p].[CreatedAt] DESC
info: Microsoft.EntityFrameworkCore.Database.Command[20101]
      Executed DbCommand (2ms) [Parameters=[], CommandType='Text', CommandTimeout='30']
      SELECT [p].[Id], [p].[StudentId], [s].[FullName] AS [StudentName], [s].[StudentNumber], [p].[PaymentType], [p].[Amount], [p].[Status], [p].[CreatedAt], [p].[PaidAt], [p].[Description], [p].[ExternalReferenceId]
      FROM [Payments] AS [p]
      INNER JOIN [Students] AS [s] ON [p].[StudentId] = [s].[Id]
      ORDER BY [p].[CreatedAt] DESC
info: Microsoft.EntityFrameworkCore.Database.Command[20101]
      Executed DbCommand (42ms) [Parameters=[], CommandType='Text', CommandTimeout='30']
      SELECT [s].[Id], [s].[StudentNumber], [s].[FullName], [s].[Email], [s].[Role], [s].[Address], [s].[Course], [s].[YearLevel], [s].[CreatedAt], (
          SELECT COUNT(*)
          FROM [FeeStructures] AS [f]
          WHERE [s].[Id] = [f].[StudentId]) AS [TuitionRecords], (
          SELECT COUNT(*)
          FROM [Payments] AS [p]
          WHERE [s].[Id] = [p].[StudentId] AND [p].[Status] = N'Success') AS [PaidPayments], (
          SELECT COALESCE(SUM([p0].[Amount]), 0.0)
          FROM [Payments] AS [p0]
          WHERE [s].[Id] = [p0].[StudentId] AND [p0].[Status] = N'Success') AS [TotalPaid]
      FROM [Students] AS [s]
info: Microsoft.EntityFrameworkCore.Database.Command[20101]
      Executed DbCommand (1ms) [Parameters=[], CommandType='Text', CommandTimeout='30']
      SELECT [s].[Id], [s].[StudentNumber], [s].[FullName], [s].[Email], [s].[Role], [s].[Address], [s].[Course], [s].[YearLevel], [s].[CreatedAt], (
          SELECT COUNT(*)
          FROM [FeeStructures] AS [f]
          WHERE [s].[Id] = [f].[StudentId]) AS [TuitionRecords], (
          SELECT COUNT(*)
          FROM [Payments] AS [p]
          WHERE [s].[Id] = [p].[StudentId] AND [p].[Status] = N'Success') AS [PaidPayments], (
          SELECT COALESCE(SUM([p0].[Amount]), 0.0)
          FROM [Payments] AS [p0]
          WHERE [s].[Id] = [p0].[StudentId] AND [p0].[Status] = N'Success') AS [TotalPaid]
      FROM [Students] AS [s]
info: Microsoft.EntityFrameworkCore.Database.Command[20101]
      Executed DbCommand (24ms) [Parameters=[@__dto_Email_0='?' (Size = 100), @__dto_StudentNumber_1='?' (Size = 50)], CommandType='Text', CommandTimeout='30']
      SELECT CASE
          WHEN EXISTS (
              SELECT 1
              FROM [Students] AS [s]
              WHERE [s].[Email] = @__dto_Email_0 OR [s].[StudentNumber] = @__dto_StudentNumber_1) THEN CAST(1 AS bit)
          ELSE CAST(0 AS bit)
      END
info: Microsoft.EntityFrameworkCore.Database.Command[20101]
      Executed DbCommand (2ms) [Parameters=[], CommandType='Text', CommandTimeout='30']
      SELECT [p].[Id], [p].[StudentId], [s].[FullName] AS [StudentName], [s].[StudentNumber], [p].[PaymentType], [p].[Amount], [p].[Status], [p].[CreatedAt], [p].[PaidAt], [p].[Description], [p].[ExternalReferenceId]
      FROM [Payments] AS [p]
      INNER JOIN [Students] AS [s] ON [p].[StudentId] = [s].[Id]
      ORDER BY [p].[CreatedAt] DESC
info: Microsoft.EntityFrameworkCore.Database.Command[20101]
      Executed DbCommand (5ms) [Parameters=[], CommandType='Text', CommandTimeout='30']
      SELECT [p].[Id], [p].[StudentId], [s].[FullName] AS [StudentName], [s].[StudentNumber], [p].[PaymentType], [p].[Amount], [p].[Status], [p].[CreatedAt], [p].[PaidAt], [p].[Description], [p].[ExternalReferenceId]
      FROM [Payments] AS [p]
      INNER JOIN [Students] AS [s] ON [p].[StudentId] = [s].[Id]
      ORDER BY [p].[CreatedAt] DESC
info: ECashier.Jobs.PaymentStatusCheckJob[0]
      PaymentStatusCheckJob started at 09/25/2026 05:08:33
info: Microsoft.EntityFrameworkCore.Database.Command[20101]
      Executed DbCommand (16ms) [Parameters=[], CommandType='Text', CommandTimeout='30']
      SELECT [p].[Id], [p].[Amount], [p].[CreatedAt], [p].[Description], [p].[ExternalReferenceId], [p].[FeeStructureId], [p].[PaidAt], [p].[PaymentType], [p].[Status], [p].[StudentId]
      FROM [Payments] AS [p]
      WHERE [p].[Status] = N'Pending' AND [p].[ExternalReferenceId] IS NOT NULL
info: ECashier.Jobs.PaymentStatusCheckJob[0]
      Found 0 pending payments to check
info: ECashier.Jobs.PaymentStatusCheckJob[0]
      PaymentStatusCheckJob completed at 09/25/2026 05:08:33
info: Microsoft.EntityFrameworkCore.Database.Command[20101]
      Executed DbCommand (2ms) [Parameters=[], CommandType='Text', CommandTimeout='30']
      SELECT [p].[Id], [p].[StudentId], [s].[FullName] AS [StudentName], [s].[StudentNumber], [p].[PaymentType], [p].[Amount], [p].[Status], [p].[CreatedAt], [p].[PaidAt], [p].[Description], [p].[ExternalReferenceId]
      FROM [Payments] AS [p]
      INNER JOIN [Students] AS [s] ON [p].[StudentId] = [s].[Id]
      ORDER BY [p].[CreatedAt] DESC
info: Microsoft.EntityFrameworkCore.Database.Command[20101]
      Executed DbCommand (1ms) [Parameters=[], CommandType='Text', CommandTimeout='30']
      SELECT [p].[Id], [p].[StudentId], [s].[FullName] AS [StudentName], [s].[StudentNumber], [p].[PaymentType], [p].[Amount], [p].[Status], [p].[CreatedAt], [p].[PaidAt], [p].[Description], [p].[ExternalReferenceId]
      FROM [Payments] AS [p]
      INNER JOIN [Students] AS [s] ON [p].[StudentId] = [s].[Id]
      ORDER BY [p].[CreatedAt] DESC
info: Microsoft.EntityFrameworkCore.Database.Command[20101]
      Executed DbCommand (27ms) [Parameters=[], CommandType='Text', CommandTimeout='30']
      SELECT [s].[Id], [s].[StudentNumber], [s].[FullName], [s].[Email], [s].[Role], [s].[Address], [s].[Course], [s].[YearLevel], [s].[CreatedAt], (
          SELECT COUNT(*)
          FROM [FeeStructures] AS [f]
          WHERE [s].[Id] = [f].[StudentId]) AS [TuitionRecords], (
          SELECT COUNT(*)
          FROM [Payments] AS [p]
          WHERE [s].[Id] = [p].[StudentId] AND [p].[Status] = N'Success') AS [PaidPayments], (
          SELECT COALESCE(SUM([p0].[Amount]), 0.0)
          FROM [Payments] AS [p0]
          WHERE [s].[Id] = [p0].[StudentId] AND [p0].[Status] = N'Success') AS [TotalPaid]
      FROM [Students] AS [s]
info: Microsoft.EntityFrameworkCore.Database.Command[20101]
      Executed DbCommand (5ms) [Parameters=[], CommandType='Text', CommandTimeout='30']
      SELECT [s].[Id], [s].[StudentNumber], [s].[FullName], [s].[Email], [s].[Role], [s].[Address], [s].[Course], [s].[YearLevel], [s].[CreatedAt], (
          SELECT COUNT(*)
          FROM [FeeStructures] AS [f]
          WHERE [s].[Id] = [f].[StudentId]) AS [TuitionRecords], (
          SELECT COUNT(*)
          FROM [Payments] AS [p]
          WHERE [s].[Id] = [p].[StudentId] AND [p].[Status] = N'Success') AS [PaidPayments], (
          SELECT COALESCE(SUM([p0].[Amount]), 0.0)
          FROM [Payments] AS [p0]
          WHERE [s].[Id] = [p0].[StudentId] AND [p0].[Status] = N'Success') AS [TotalPaid]
      FROM [Students] AS [s]
info: ECashier.Jobs.PaymentStatusCheckJob[0]
      PaymentStatusCheckJob started at 09/25/2026 05:09:03
info: Microsoft.EntityFrameworkCore.Database.Command[20101]
      Executed DbCommand (2ms) [Parameters=[], CommandType='Text', CommandTimeout='30']
      SELECT [p].[Id], [p].[Amount], [p].[CreatedAt], [p].[Description], [p].[ExternalReferenceId], [p].[FeeStructureId], [p].[PaidAt], [p].[PaymentType], [p].[Status], [p].[StudentId]
      FROM [Payments] AS [p]
      WHERE [p].[Status] = N'Pending' AND [p].[ExternalReferenceId] IS NOT NULL
info: ECashier.Jobs.PaymentStatusCheckJob[0]
      Found 0 pending payments to check
info: ECashier.Jobs.PaymentStatusCheckJob[0]
      PaymentStatusCheckJob completed at 09/25/2026 05:09:03
info: Microsoft.EntityFrameworkCore.Database.Command[20101]
      Executed DbCommand (8ms) [Parameters=[], CommandType='Text', CommandTimeout='30']
      SELECT [p].[Id], [p].[StudentId], [s].[FullName] AS [StudentName], [s].[StudentNumber], [p].[PaymentType], [p].[Amount], [p].[Status], [p].[CreatedAt], [p].[PaidAt], [p].[Description], [p].[ExternalReferenceId]
      FROM [Payments] AS [p]
      INNER JOIN [Students] AS [s] ON [p].[StudentId] = [s].[Id]
      ORDER BY [p].[CreatedAt] DESC
info: Microsoft.EntityFrameworkCore.Database.Command[20101]
      Executed DbCommand (2ms) [Parameters=[], CommandType='Text', CommandTimeout='30']
      SELECT [p].[Id], [p].[StudentId], [s].[FullName] AS [StudentName], [s].[StudentNumber], [p].[PaymentType], [p].[Amount], [p].[Status], [p].[CreatedAt], [p].[PaidAt], [p].[Description], [p].[ExternalReferenceId]
      FROM [Payments] AS [p]
      INNER JOIN [Students] AS [s] ON [p].[StudentId] = [s].[Id]
      ORDER BY [p].[CreatedAt] DESC
info: Microsoft.EntityFrameworkCore.Database.Command[20101]
      Executed DbCommand (24ms) [Parameters=[], CommandType='Text', CommandTimeout='30']
      SELECT [s].[Id], [s].[StudentNumber], [s].[FullName], [s].[Email], [s].[Role], [s].[Address], [s].[Course], [s].[YearLevel], [s].[CreatedAt], (
          SELECT COUNT(*)
          FROM [FeeStructures] AS [f]
          WHERE [s].[Id] = [f].[StudentId]) AS [TuitionRecords], (
          SELECT COUNT(*)
          FROM [Payments] AS [p]
          WHERE [s].[Id] = [p].[StudentId] AND [p].[Status] = N'Success') AS [PaidPayments], (
          SELECT COALESCE(SUM([p0].[Amount]), 0.0)
          FROM [Payments] AS [p0]
          WHERE [s].[Id] = [p0].[StudentId] AND [p0].[Status] = N'Success') AS [TotalPaid]
      FROM [Students] AS [s]
info: Microsoft.EntityFrameworkCore.Database.Command[20101]
      Executed DbCommand (3ms) [Parameters=[], CommandType='Text', CommandTimeout='30']
      SELECT [s].[Id], [s].[StudentNumber], [s].[FullName], [s].[Email], [s].[Role], [s].[Address], [s].[Course], [s].[YearLevel], [s].[CreatedAt], (
          SELECT COUNT(*)
          FROM [FeeStructures] AS [f]
          WHERE [s].[Id] = [f].[StudentId]) AS [TuitionRecords], (
          SELECT COUNT(*)
          FROM [Payments] AS [p]
          WHERE [s].[Id] = [p].[StudentId] AND [p].[Status] = N'Success') AS [PaidPayments], (
          SELECT COALESCE(SUM([p0].[Amount]), 0.0)
          FROM [Payments] AS [p0]
          WHERE [s].[Id] = [p0].[StudentId] AND [p0].[Status] = N'Success') AS [TotalPaid]
      FROM [Students] AS [s]
info: Microsoft.EntityFrameworkCore.Database.Command[20101]
      Executed DbCommand (14ms) [Parameters=[], CommandType='Text', CommandTimeout='30']
      SELECT [f].[Id], [f].[StudentId], [s].[StudentNumber], [s].[FullName] AS [StudentName], [f].[FeeType], [f].[Semester], [f].[TotalAmount], [f].[PaidAmount], [f].[TotalAmount] - [f].[PaidAmount] AS [Balance], [f].[DueDate], [f].[Status], [f].[CreatedAt]
      FROM [FeeStructures] AS [f]
      INNER JOIN [Students] AS [s] ON [f].[StudentId] = [s].[Id]
      ORDER BY [f].[CreatedAt] DESC
info: Microsoft.EntityFrameworkCore.Database.Command[20101]
      Executed DbCommand (2ms) [Parameters=[], CommandType='Text', CommandTimeout='30']
      SELECT [f].[Id], [f].[StudentId], [s].[StudentNumber], [s].[FullName] AS [StudentName], [f].[FeeType], [f].[Semester], [f].[TotalAmount], [f].[PaidAmount], [f].[TotalAmount] - [f].[PaidAmount] AS [Balance], [f].[DueDate], [f].[Status], [f].[CreatedAt]
      FROM [FeeStructures] AS [f]
      INNER JOIN [Students] AS [s] ON [f].[StudentId] = [s].[Id]
      ORDER BY [f].[CreatedAt] DESC
info: ECashier.Jobs.PaymentStatusCheckJob[0]
      PaymentStatusCheckJob started at 09/25/2026 05:09:33
info: Microsoft.EntityFrameworkCore.Database.Command[20101]
      Executed DbCommand (6ms) [Parameters=[], CommandType='Text', CommandTimeout='30']
      SELECT [p].[Id], [p].[Amount], [p].[CreatedAt], [p].[Description], [p].[ExternalReferenceId], [p].[FeeStructureId], [p].[PaidAt], [p].[PaymentType], [p].[Status], [p].[StudentId]
      FROM [Payments] AS [p]
      WHERE [p].[Status] = N'Pending' AND [p].[ExternalReferenceId] IS NOT NULL
info: ECashier.Jobs.PaymentStatusCheckJob[0]
      Found 0 pending payments to check
info: ECashier.Jobs.PaymentStatusCheckJob[0]
      PaymentStatusCheckJob completed at 09/25/2026 05:09:33
info: ECashier.Jobs.AbandonedPaymentJob[0]
      AbandonedPaymentJob started at 09/25/2026 05:10:00
info: Microsoft.EntityFrameworkCore.Database.Command[20101]
      Executed DbCommand (16ms) [Parameters=[@__cutoffTime_0='?' (DbType = DateTime2)], CommandType='Text', CommandTimeout='30']
      SELECT [p].[Id], [p].[Amount], [p].[CreatedAt], [p].[Description], [p].[ExternalReferenceId], [p].[FeeStructureId], [p].[PaidAt], [p].[PaymentType], [p].[Status], [p].[StudentId]
      FROM [Payments] AS [p]
      WHERE [p].[Status] = N'Pending' AND [p].[CreatedAt] < @__cutoffTime_0
info: ECashier.Jobs.AbandonedPaymentJob[0]
      Found 0 abandoned payments
info: ECashier.Jobs.AbandonedPaymentJob[0]
      AbandonedPaymentJob completed at 09/25/2026 05:10:00
info: ECashier.Jobs.PaymentStatusCheckJob[0]
      PaymentStatusCheckJob started at 09/25/2026 05:10:03
info: Microsoft.EntityFrameworkCore.Database.Command[20101]
      Executed DbCommand (8ms) [Parameters=[], CommandType='Text', CommandTimeout='30']
      SELECT [p].[Id], [p].[Amount], [p].[CreatedAt], [p].[Description], [p].[ExternalReferenceId], [p].[FeeStructureId], [p].[PaidAt], [p].[PaymentType], [p].[Status], [p].[StudentId]
      FROM [Payments] AS [p]
      WHERE [p].[Status] = N'Pending' AND [p].[ExternalReferenceId] IS NOT NULL
info: ECashier.Jobs.PaymentStatusCheckJob[0]
      Found 0 pending payments to check
info: ECashier.Jobs.PaymentStatusCheckJob[0]
      PaymentStatusCheckJob completed at 09/25/2026 05:10:03
info: ECashier.Jobs.PaymentStatusCheckJob[0]
      PaymentStatusCheckJob started at 09/25/2026 05:10:33
info: Microsoft.EntityFrameworkCore.Database.Command[20101]
      Executed DbCommand (11ms) [Parameters=[], CommandType='Text', CommandTimeout='30']
      SELECT [p].[Id], [p].[Amount], [p].[CreatedAt], [p].[Description], [p].[ExternalReferenceId], [p].[FeeStructureId], [p].[PaidAt], [p].[PaymentType], [p].[Status], [p].[StudentId]
      FROM [Payments] AS [p]
      WHERE [p].[Status] = N'Pending' AND [p].[ExternalReferenceId] IS NOT NULL
info: ECashier.Jobs.PaymentStatusCheckJob[0]
      Found 0 pending payments to check
info: ECashier.Jobs.PaymentStatusCheckJob[0]
      PaymentStatusCheckJob completed at 09/25/2026 05:10:33
info: ECashier.Jobs.PaymentStatusCheckJob[0]
      PaymentStatusCheckJob started at 09/25/2026 05:11:03
info: Microsoft.EntityFrameworkCore.Database.Command[20101]
      Executed DbCommand (2ms) [Parameters=[], CommandType='Text', CommandTimeout='30']
      SELECT [p].[Id], [p].[Amount], [p].[CreatedAt], [p].[Description], [p].[ExternalReferenceId], [p].[FeeStructureId], [p].[PaidAt], [p].[PaymentType], [p].[Status], [p].[StudentId]
      FROM [Payments] AS [p]
      WHERE [p].[Status] = N'Pending' AND [p].[ExternalReferenceId] IS NOT NULL
info: ECashier.Jobs.PaymentStatusCheckJob[0]
      Found 0 pending payments to check
info: ECashier.Jobs.PaymentStatusCheckJob[0]
      PaymentStatusCheckJob completed at 09/25/2026 05:11:03
info: Microsoft.EntityFrameworkCore.Database.Command[20101]
      Executed DbCommand (41ms) [Parameters=[], CommandType='Text', CommandTimeout='30']
      SELECT [s].[Id], [s].[StudentNumber], [s].[FullName], [s].[Email], [s].[Role], [s].[Address], [s].[Course], [s].[YearLevel], [s].[CreatedAt], (
          SELECT COUNT(*)
          FROM [FeeStructures] AS [f]
          WHERE [s].[Id] = [f].[StudentId]) AS [TuitionRecords], (
          SELECT COUNT(*)
          FROM [Payments] AS [p]
          WHERE [s].[Id] = [p].[StudentId] AND [p].[Status] = N'Success') AS [PaidPayments], (
          SELECT COALESCE(SUM([p0].[Amount]), 0.0)
          FROM [Payments] AS [p0]
          WHERE [s].[Id] = [p0].[StudentId] AND [p0].[Status] = N'Success') AS [TotalPaid]
      FROM [Students] AS [s]
info: Microsoft.EntityFrameworkCore.Database.Command[20101]
      Executed DbCommand (5ms) [Parameters=[], CommandType='Text', CommandTimeout='30']
      SELECT [s].[Id], [s].[StudentNumber], [s].[FullName], [s].[Email], [s].[Role], [s].[Address], [s].[Course], [s].[YearLevel], [s].[CreatedAt], (
          SELECT COUNT(*)
          FROM [FeeStructures] AS [f]
          WHERE [s].[Id] = [f].[StudentId]) AS [TuitionRecords], (
          SELECT COUNT(*)
          FROM [Payments] AS [p]
          WHERE [s].[Id] = [p].[StudentId] AND [p].[Status] = N'Success') AS [PaidPayments], (
          SELECT COALESCE(SUM([p0].[Amount]), 0.0)
          FROM [Payments] AS [p0]
          WHERE [s].[Id] = [p0].[StudentId] AND [p0].[Status] = N'Success') AS [TotalPaid]
      FROM [Students] AS [s]
info: ECashier.Jobs.PaymentStatusCheckJob[0]
      PaymentStatusCheckJob started at 09/25/2026 05:11:33
info: Microsoft.EntityFrameworkCore.Database.Command[20101]
      Executed DbCommand (34ms) [Parameters=[], CommandType='Text', CommandTimeout='30']
      SELECT [p].[Id], [p].[Amount], [p].[CreatedAt], [p].[Description], [p].[ExternalReferenceId], [p].[FeeStructureId], [p].[PaidAt], [p].[PaymentType], [p].[Status], [p].[StudentId]
      FROM [Payments] AS [p]
      WHERE [p].[Status] = N'Pending' AND [p].[ExternalReferenceId] IS NOT NULL
info: ECashier.Jobs.PaymentStatusCheckJob[0]
      Found 0 pending payments to check
info: ECashier.Jobs.PaymentStatusCheckJob[0]
      PaymentStatusCheckJob completed at 09/25/2026 05:11:33
info: Microsoft.EntityFrameworkCore.Database.Command[20101]
      Executed DbCommand (6ms) [Parameters=[@__p_0='?' (DbType = Int32)], CommandType='Text', CommandTimeout='30']
      SELECT TOP(1) [s].[Id], [s].[Address], [s].[Course], [s].[CreatedAt], [s].[Email], [s].[FullName], [s].[MustChangePassword], [s].[PasswordHash], [s].[Role], [s].[StudentNumber], [s].[YearLevel]
      FROM [Students] AS [s]
      WHERE [s].[Id] = @__p_0
info: Microsoft.EntityFrameworkCore.Database.Command[20101]
      Executed DbCommand (8ms) [Parameters=[@p1='?' (DbType = Int32), @p0='?' (Size = 4000)], CommandType='Text', CommandTimeout='30']
      SET IMPLICIT_TRANSACTIONS OFF;
      SET NOCOUNT ON;
      UPDATE [Students] SET [PasswordHash] = @p0
      OUTPUT 1
      WHERE [Id] = @p1;
info: ECashier.Jobs.PaymentStatusCheckJob[0]
      PaymentStatusCheckJob started at 09/25/2026 05:12:03
info: Microsoft.EntityFrameworkCore.Database.Command[20101]
      Executed DbCommand (8ms) [Parameters=[], CommandType='Text', CommandTimeout='30']
      SELECT [p].[Id], [p].[Amount], [p].[CreatedAt], [p].[Description], [p].[ExternalReferenceId], [p].[FeeStructureId], [p].[PaidAt], [p].[PaymentType], [p].[Status], [p].[StudentId]
      FROM [Payments] AS [p]
      WHERE [p].[Status] = N'Pending' AND [p].[ExternalReferenceId] IS NOT NULL
info: ECashier.Jobs.PaymentStatusCheckJob[0]
      Found 0 pending payments to check
info: ECashier.Jobs.PaymentStatusCheckJob[0]
      PaymentStatusCheckJob completed at 09/25/2026 05:12:03
info: Microsoft.EntityFrameworkCore.Database.Command[20101]
      Executed DbCommand (9ms) [Parameters=[@__ToLower_0='?' (Size = 100), @__ToLower_0_1='?' (Size = 50)], CommandType='Text', CommandTimeout='30']
      SELECT TOP(1) [s].[Id], [s].[Address], [s].[Course], [s].[CreatedAt], [s].[Email], [s].[FullName], [s].[MustChangePassword], [s].[PasswordHash], [s].[Role], [s].[StudentNumber], [s].[YearLevel]
      FROM [Students] AS [s]
      WHERE LOWER([s].[Email]) = @__ToLower_0 OR LOWER([s].[StudentNumber]) = @__ToLower_0_1
info: Microsoft.EntityFrameworkCore.Database.Command[20101]
      Executed DbCommand (5ms) [Parameters=[@__p_0='?' (DbType = Int32)], CommandType='Text', CommandTimeout='30']
      SELECT TOP(1) [s].[Id], [s].[Address], [s].[Course], [s].[CreatedAt], [s].[Email], [s].[FullName], [s].[MustChangePassword], [s].[PasswordHash], [s].[Role], [s].[StudentNumber], [s].[YearLevel]
      FROM [Students] AS [s]
      WHERE [s].[Id] = @__p_0
info: Microsoft.EntityFrameworkCore.Database.Command[20101]
      Executed DbCommand (40ms) [Parameters=[@p2='?' (DbType = Int32), @p0='?' (DbType = Boolean), @p1='?' (Size = 4000)], CommandType='Text', CommandTimeout='30']
      SET IMPLICIT_TRANSACTIONS OFF;
      SET NOCOUNT ON;
      UPDATE [Students] SET [MustChangePassword] = @p0, [PasswordHash] = @p1
      OUTPUT 1
      WHERE [Id] = @p2;
info: Microsoft.EntityFrameworkCore.Database.Command[20101]
      Executed DbCommand (15ms) [Parameters=[@__ToLower_0='?' (Size = 100), @__ToLower_0_1='?' (Size = 50)], CommandType='Text', CommandTimeout='30']
      SELECT TOP(1) [s].[Id], [s].[Address], [s].[Course], [s].[CreatedAt], [s].[Email], [s].[FullName], [s].[MustChangePassword], [s].[PasswordHash], [s].[Role], [s].[StudentNumber], [s].[YearLevel]
      FROM [Students] AS [s]
      WHERE LOWER([s].[Email]) = @__ToLower_0 OR LOWER([s].[StudentNumber]) = @__ToLower_0_1
info: ECashier.Jobs.PaymentStatusCheckJob[0]
      PaymentStatusCheckJob started at 09/25/2026 05:12:33
info: Microsoft.EntityFrameworkCore.Database.Command[20101]
      Executed DbCommand (29ms) [Parameters=[], CommandType='Text', CommandTimeout='30']
      SELECT [p].[Id], [p].[Amount], [p].[CreatedAt], [p].[Description], [p].[ExternalReferenceId], [p].[FeeStructureId], [p].[PaidAt], [p].[PaymentType], [p].[Status], [p].[StudentId]
      FROM [Payments] AS [p]
      WHERE [p].[Status] = N'Pending' AND [p].[ExternalReferenceId] IS NOT NULL
info: ECashier.Jobs.PaymentStatusCheckJob[0]
      Found 0 pending payments to check
info: ECashier.Jobs.PaymentStatusCheckJob[0]
      PaymentStatusCheckJob completed at 09/25/2026 05:12:33
info: Microsoft.EntityFrameworkCore.Database.Command[20101]
      Executed DbCommand (13ms) [Parameters=[@__userId_0='?' (DbType = Int32)], CommandType='Text', CommandTimeout='30']
      SELECT [f].[Id], [f].[CreatedAt], [f].[DueDate], [f].[FeeType], [f].[PaidAmount], [f].[Semester], [f].[Status], [f].[StudentId], [f].[TotalAmount], [p].[Id], [p].[Amount], [p].[FeeStructureId], [p].[IsPaid], [p].[PaidAt], [p].[PeriodName]
      FROM [FeeStructures] AS [f]
      LEFT JOIN [PaymentPeriods] AS [p] ON [f].[Id] = [p].[FeeStructureId]
      WHERE [f].[StudentId] = @__userId_0
      ORDER BY [f].[Id]
info: Microsoft.EntityFrameworkCore.Database.Command[20101]
      Executed DbCommand (2ms) [Parameters=[@__userId_0='?' (DbType = Int32)], CommandType='Text', CommandTimeout='30']
      SELECT [f].[Id], [f].[CreatedAt], [f].[DueDate], [f].[FeeType], [f].[PaidAmount], [f].[Semester], [f].[Status], [f].[StudentId], [f].[TotalAmount], [p].[Id], [p].[Amount], [p].[FeeStructureId], [p].[IsPaid], [p].[PaidAt], [p].[PeriodName]
      FROM [FeeStructures] AS [f]
      LEFT JOIN [PaymentPeriods] AS [p] ON [f].[Id] = [p].[FeeStructureId]
      WHERE [f].[StudentId] = @__userId_0
      ORDER BY [f].[Id]
info: Microsoft.EntityFrameworkCore.Database.Command[20101]
      Executed DbCommand (1ms) [Parameters=[@__userId_0='?' (DbType = Int32)], CommandType='Text', CommandTimeout='30']
      SELECT [f].[Id], [f].[CreatedAt], [f].[DueDate], [f].[FeeType], [f].[PaidAmount], [f].[Semester], [f].[Status], [f].[StudentId], [f].[TotalAmount], [p].[Id], [p].[Amount], [p].[FeeStructureId], [p].[IsPaid], [p].[PaidAt], [p].[PeriodName]
      FROM [FeeStructures] AS [f]
      LEFT JOIN [PaymentPeriods] AS [p] ON [f].[Id] = [p].[FeeStructureId]
      WHERE [f].[StudentId] = @__userId_0
      ORDER BY [f].[Id]
info: Microsoft.EntityFrameworkCore.Database.Command[20101]
      Executed DbCommand (1ms) [Parameters=[@__userId_0='?' (DbType = Int32)], CommandType='Text', CommandTimeout='30']
      SELECT [f].[Id], [f].[CreatedAt], [f].[DueDate], [f].[FeeType], [f].[PaidAmount], [f].[Semester], [f].[Status], [f].[StudentId], [f].[TotalAmount], [p].[Id], [p].[Amount], [p].[FeeStructureId], [p].[IsPaid], [p].[PaidAt], [p].[PeriodName]
      FROM [FeeStructures] AS [f]
      LEFT JOIN [PaymentPeriods] AS [p] ON [f].[Id] = [p].[FeeStructureId]
      WHERE [f].[StudentId] = @__userId_0
      ORDER BY [f].[Id]
info: Microsoft.EntityFrameworkCore.Database.Command[20101]
      Executed DbCommand (1ms) [Parameters=[@__userId_0='?' (DbType = Int32)], CommandType='Text', CommandTimeout='30']
      SELECT [f].[Id], [f].[CreatedAt], [f].[DueDate], [f].[FeeType], [f].[PaidAmount], [f].[Semester], [f].[Status], [f].[StudentId], [f].[TotalAmount], [p].[Id], [p].[Amount], [p].[FeeStructureId], [p].[IsPaid], [p].[PaidAt], [p].[PeriodName]
      FROM [FeeStructures] AS [f]
      LEFT JOIN [PaymentPeriods] AS [p] ON [f].[Id] = [p].[FeeStructureId]
      WHERE [f].[StudentId] = @__userId_0
      ORDER BY [f].[Id]
info: Microsoft.EntityFrameworkCore.Database.Command[20101]
      Executed DbCommand (2ms) [Parameters=[@__userId_0='?' (DbType = Int32)], CommandType='Text', CommandTimeout='30']
      SELECT [f].[Id], [f].[CreatedAt], [f].[DueDate], [f].[FeeType], [f].[PaidAmount], [f].[Semester], [f].[Status], [f].[StudentId], [f].[TotalAmount], [p].[Id], [p].[Amount], [p].[FeeStructureId], [p].[IsPaid], [p].[PaidAt], [p].[PeriodName]
      FROM [FeeStructures] AS [f]
      LEFT JOIN [PaymentPeriods] AS [p] ON [f].[Id] = [p].[FeeStructureId]
      WHERE [f].[StudentId] = @__userId_0
      ORDER BY [f].[Id]
info: Microsoft.EntityFrameworkCore.Database.Command[20101]
      Executed DbCommand (1ms) [Parameters=[@__userId_0='?' (DbType = Int32)], CommandType='Text', CommandTimeout='30']
      SELECT [f].[Id], [f].[CreatedAt], [f].[DueDate], [f].[FeeType], [f].[PaidAmount], [f].[Semester], [f].[Status], [f].[StudentId], [f].[TotalAmount], [p].[Id], [p].[Amount], [p].[FeeStructureId], [p].[IsPaid], [p].[PaidAt], [p].[PeriodName]
      FROM [FeeStructures] AS [f]
      LEFT JOIN [PaymentPeriods] AS [p] ON [f].[Id] = [p].[FeeStructureId]
      WHERE [f].[StudentId] = @__userId_0
      ORDER BY [f].[Id]
info: Microsoft.EntityFrameworkCore.Database.Command[20101]
      Executed DbCommand (2ms) [Parameters=[@__userId_0='?' (DbType = Int32)], CommandType='Text', CommandTimeout='30']
      SELECT [f].[Id], [f].[CreatedAt], [f].[DueDate], [f].[FeeType], [f].[PaidAmount], [f].[Semester], [f].[Status], [f].[StudentId], [f].[TotalAmount], [p].[Id], [p].[Amount], [p].[FeeStructureId], [p].[IsPaid], [p].[PaidAt], [p].[PeriodName]
      FROM [FeeStructures] AS [f]
      LEFT JOIN [PaymentPeriods] AS [p] ON [f].[Id] = [p].[FeeStructureId]
      WHERE [f].[StudentId] = @__userId_0
      ORDER BY [f].[Id]
info: Microsoft.EntityFrameworkCore.Database.Command[20101]
      Executed DbCommand (9ms) [Parameters=[@__studentId_0='?' (DbType = Int32)], CommandType='Text', CommandTimeout='30']
      SELECT [p].[Id], [p].[Amount], [p].[CreatedAt], [p].[Description], [p].[ExternalReferenceId], [p].[FeeStructureId], [p].[PaidAt], [p].[PaymentType], [p].[Status], [p].[StudentId]
      FROM [Payments] AS [p]
      WHERE [p].[StudentId] = @__studentId_0
      ORDER BY [p].[CreatedAt] DESC
info: Microsoft.EntityFrameworkCore.Database.Command[20101]
      Executed DbCommand (2ms) [Parameters=[@__studentId_0='?' (DbType = Int32)], CommandType='Text', CommandTimeout='30']
      SELECT [p].[Id], [p].[Amount], [p].[CreatedAt], [p].[Description], [p].[ExternalReferenceId], [p].[FeeStructureId], [p].[PaidAt], [p].[PaymentType], [p].[Status], [p].[StudentId]
      FROM [Payments] AS [p]
      WHERE [p].[StudentId] = @__studentId_0
      ORDER BY [p].[CreatedAt] DESC
info: Microsoft.EntityFrameworkCore.Database.Command[20101]
      Executed DbCommand (4ms) [Parameters=[@__p_0='?' (DbType = Int32)], CommandType='Text', CommandTimeout='30']
      SELECT TOP(1) [s].[Id], [s].[Address], [s].[Course], [s].[CreatedAt], [s].[Email], [s].[FullName], [s].[MustChangePassword], [s].[PasswordHash], [s].[Role], [s].[StudentNumber], [s].[YearLevel]
      FROM [Students] AS [s]
      WHERE [s].[Id] = @__p_0
info: Microsoft.EntityFrameworkCore.Database.Command[20101]
      Executed DbCommand (3ms) [Parameters=[@__p_0='?' (DbType = Int32)], CommandType='Text', CommandTimeout='30']
      SELECT TOP(1) [s].[Id], [s].[Address], [s].[Course], [s].[CreatedAt], [s].[Email], [s].[FullName], [s].[MustChangePassword], [s].[PasswordHash], [s].[Role], [s].[StudentNumber], [s].[YearLevel]
      FROM [Students] AS [s]
      WHERE [s].[Id] = @__p_0
info: Microsoft.EntityFrameworkCore.Database.Command[20101]
      Executed DbCommand (10ms) [Parameters=[@__userId_0='?' (DbType = Int32)], CommandType='Text', CommandTimeout='30']
      SELECT [f].[Id], [f].[CreatedAt], [f].[DueDate], [f].[FeeType], [f].[PaidAmount], [f].[Semester], [f].[Status], [f].[StudentId], [f].[TotalAmount], [p].[Id], [p].[Amount], [p].[FeeStructureId], [p].[IsPaid], [p].[PaidAt], [p].[PeriodName]
      FROM [FeeStructures] AS [f]
      LEFT JOIN [PaymentPeriods] AS [p] ON [f].[Id] = [p].[FeeStructureId]
      WHERE [f].[StudentId] = @__userId_0
      ORDER BY [f].[Id]
info: Microsoft.EntityFrameworkCore.Database.Command[20101]
      Executed DbCommand (1ms) [Parameters=[@__userId_0='?' (DbType = Int32)], CommandType='Text', CommandTimeout='30']
      SELECT [f].[Id], [f].[CreatedAt], [f].[DueDate], [f].[FeeType], [f].[PaidAmount], [f].[Semester], [f].[Status], [f].[StudentId], [f].[TotalAmount], [p].[Id], [p].[Amount], [p].[FeeStructureId], [p].[IsPaid], [p].[PaidAt], [p].[PeriodName]
      FROM [FeeStructures] AS [f]
      LEFT JOIN [PaymentPeriods] AS [p] ON [f].[Id] = [p].[FeeStructureId]
      WHERE [f].[StudentId] = @__userId_0
      ORDER BY [f].[Id]
info: ECashier.Jobs.PaymentStatusCheckJob[0]
      PaymentStatusCheckJob started at 09/25/2026 05:13:03
info: Microsoft.EntityFrameworkCore.Database.Command[20101]
      Executed DbCommand (7ms) [Parameters=[], CommandType='Text', CommandTimeout='30']
      SELECT [p].[Id], [p].[Amount], [p].[CreatedAt], [p].[Description], [p].[ExternalReferenceId], [p].[FeeStructureId], [p].[PaidAt], [p].[PaymentType], [p].[Status], [p].[StudentId]
      FROM [Payments] AS [p]
      WHERE [p].[Status] = N'Pending' AND [p].[ExternalReferenceId] IS NOT NULL
info: ECashier.Jobs.PaymentStatusCheckJob[0]
      Found 0 pending payments to check
info: ECashier.Jobs.PaymentStatusCheckJob[0]
      PaymentStatusCheckJob completed at 09/25/2026 05:13:03
info: ECashier.Jobs.PaymentStatusCheckJob[0]
      PaymentStatusCheckJob started at 09/25/2026 05:13:33
info: Microsoft.EntityFrameworkCore.Database.Command[20101]
      Executed DbCommand (69ms) [Parameters=[], CommandType='Text', CommandTimeout='30']
      SELECT [p].[Id], [p].[Amount], [p].[CreatedAt], [p].[Description], [p].[ExternalReferenceId], [p].[FeeStructureId], [p].[PaidAt], [p].[PaymentType], [p].[Status], [p].[StudentId]
      FROM [Payments] AS [p]
      WHERE [p].[Status] = N'Pending' AND [p].[ExternalReferenceId] IS NOT NULL
info: ECashier.Jobs.PaymentStatusCheckJob[0]
      Found 0 pending payments to check
info: ECashier.Jobs.PaymentStatusCheckJob[0]
      PaymentStatusCheckJob completed at 09/25/2026 05:13:33
info: ECashier.Jobs.PaymentStatusCheckJob[0]
      PaymentStatusCheckJob started at 09/25/2026 05:14:03
info: Microsoft.EntityFrameworkCore.Database.Command[20101]
      Executed DbCommand (92ms) [Parameters=[], CommandType='Text', CommandTimeout='30']
      SELECT [p].[Id], [p].[Amount], [p].[CreatedAt], [p].[Description], [p].[ExternalReferenceId], [p].[FeeStructureId], [p].[PaidAt], [p].[PaymentType], [p].[Status], [p].[StudentId]
      FROM [Payments] AS [p]
      WHERE [p].[Status] = N'Pending' AND [p].[ExternalReferenceId] IS NOT NULL
info: ECashier.Jobs.PaymentStatusCheckJob[0]
      Found 0 pending payments to check
info: ECashier.Jobs.PaymentStatusCheckJob[0]
      PaymentStatusCheckJob completed at 09/25/2026 05:14:03
info: ECashier.Jobs.PaymentStatusCheckJob[0]
      PaymentStatusCheckJob started at 09/25/2026 05:14:33
info: Microsoft.EntityFrameworkCore.Database.Command[20101]
      Executed DbCommand (11ms) [Parameters=[], CommandType='Text', CommandTimeout='30']
      SELECT [p].[Id], [p].[Amount], [p].[CreatedAt], [p].[Description], [p].[ExternalReferenceId], [p].[FeeStructureId], [p].[PaidAt], [p].[PaymentType], [p].[Status], [p].[StudentId]
      FROM [Payments] AS [p]
      WHERE [p].[Status] = N'Pending' AND [p].[ExternalReferenceId] IS NOT NULL
info: ECashier.Jobs.PaymentStatusCheckJob[0]
      Found 0 pending payments to check
info: ECashier.Jobs.PaymentStatusCheckJob[0]
      PaymentStatusCheckJob completed at 09/25/2026 05:14:33
info: Microsoft.EntityFrameworkCore.Database.Command[20101]
      Executed DbCommand (71ms) [Parameters=[], CommandType='Text', CommandTimeout='30']
      SELECT [p].[Id], [p].[StudentId], [s].[FullName] AS [StudentName], [s].[StudentNumber], [p].[PaymentType], [p].[Amount], [p].[Status], [p].[CreatedAt], [p].[PaidAt], [p].[Description], [p].[ExternalReferenceId]
      FROM [Payments] AS [p]
      INNER JOIN [Students] AS [s] ON [p].[StudentId] = [s].[Id]
      ORDER BY [p].[CreatedAt] DESC
info: Microsoft.EntityFrameworkCore.Database.Command[20101]
      Executed DbCommand (2ms) [Parameters=[], CommandType='Text', CommandTimeout='30']
      SELECT [p].[Id], [p].[StudentId], [s].[FullName] AS [StudentName], [s].[StudentNumber], [p].[PaymentType], [p].[Amount], [p].[Status], [p].[CreatedAt], [p].[PaidAt], [p].[Description], [p].[ExternalReferenceId]
      FROM [Payments] AS [p]
      INNER JOIN [Students] AS [s] ON [p].[StudentId] = [s].[Id]
      ORDER BY [p].[CreatedAt] DESC
info: Microsoft.EntityFrameworkCore.Database.Command[20101]
      Executed DbCommand (39ms) [Parameters=[@__userId_0='?' (DbType = Int32)], CommandType='Text', CommandTimeout='30']
      SELECT [f].[Id], [f].[CreatedAt], [f].[DueDate], [f].[FeeType], [f].[PaidAmount], [f].[Semester], [f].[Status], [f].[StudentId], [f].[TotalAmount], [p].[Id], [p].[Amount], [p].[FeeStructureId], [p].[IsPaid], [p].[PaidAt], [p].[PeriodName]
      FROM [FeeStructures] AS [f]
      LEFT JOIN [PaymentPeriods] AS [p] ON [f].[Id] = [p].[FeeStructureId]
      WHERE [f].[StudentId] = @__userId_0
      ORDER BY [f].[Id]
info: Microsoft.EntityFrameworkCore.Database.Command[20101]
      Executed DbCommand (2ms) [Parameters=[@__userId_0='?' (DbType = Int32)], CommandType='Text', CommandTimeout='30']
      SELECT [f].[Id], [f].[CreatedAt], [f].[DueDate], [f].[FeeType], [f].[PaidAmount], [f].[Semester], [f].[Status], [f].[StudentId], [f].[TotalAmount], [p].[Id], [p].[Amount], [p].[FeeStructureId], [p].[IsPaid], [p].[PaidAt], [p].[PeriodName]
      FROM [FeeStructures] AS [f]
      LEFT JOIN [PaymentPeriods] AS [p] ON [f].[Id] = [p].[FeeStructureId]
      WHERE [f].[StudentId] = @__userId_0
      ORDER BY [f].[Id]
info: ECashier.Jobs.AbandonedPaymentJob[0]
      AbandonedPaymentJob started at 09/25/2026 05:15:00
info: Microsoft.EntityFrameworkCore.Database.Command[20101]
      Executed DbCommand (2ms) [Parameters=[@__cutoffTime_0='?' (DbType = DateTime2)], CommandType='Text', CommandTimeout='30']
      SELECT [p].[Id], [p].[Amount], [p].[CreatedAt], [p].[Description], [p].[ExternalReferenceId], [p].[FeeStructureId], [p].[PaidAt], [p].[PaymentType], [p].[Status], [p].[StudentId]
      FROM [Payments] AS [p]
      WHERE [p].[Status] = N'Pending' AND [p].[CreatedAt] < @__cutoffTime_0
info: ECashier.Jobs.AbandonedPaymentJob[0]
      Found 0 abandoned payments
info: ECashier.Jobs.AbandonedPaymentJob[0]
      AbandonedPaymentJob completed at 09/25/2026 05:15:00
info: ECashier.Jobs.PaymentStatusCheckJob[0]
      PaymentStatusCheckJob started at 09/25/2026 05:15:03
info: Microsoft.EntityFrameworkCore.Database.Command[20101]
      Executed DbCommand (5ms) [Parameters=[], CommandType='Text', CommandTimeout='30']
      SELECT [p].[Id], [p].[Amount], [p].[CreatedAt], [p].[Description], [p].[ExternalReferenceId], [p].[FeeStructureId], [p].[PaidAt], [p].[PaymentType], [p].[Status], [p].[StudentId]
      FROM [Payments] AS [p]
      WHERE [p].[Status] = N'Pending' AND [p].[ExternalReferenceId] IS NOT NULL
info: ECashier.Jobs.PaymentStatusCheckJob[0]
      Found 0 pending payments to check
info: ECashier.Jobs.PaymentStatusCheckJob[0]
      PaymentStatusCheckJob completed at 09/25/2026 05:15:03
info: Microsoft.EntityFrameworkCore.Database.Command[20101]
      Executed DbCommand (11ms) [Parameters=[@__studentId_0='?' (DbType = Int32)], CommandType='Text', CommandTimeout='30']
      SELECT [p].[Id], [p].[Amount], [p].[CreatedAt], [p].[Description], [p].[ExternalReferenceId], [p].[FeeStructureId], [p].[PaidAt], [p].[PaymentType], [p].[Status], [p].[StudentId]
      FROM [Payments] AS [p]
      WHERE [p].[StudentId] = @__studentId_0
      ORDER BY [p].[CreatedAt] DESC
info: Microsoft.EntityFrameworkCore.Database.Command[20101]
      Executed DbCommand (1ms) [Parameters=[@__studentId_0='?' (DbType = Int32)], CommandType='Text', CommandTimeout='30']
      SELECT [p].[Id], [p].[Amount], [p].[CreatedAt], [p].[Description], [p].[ExternalReferenceId], [p].[FeeStructureId], [p].[PaidAt], [p].[PaymentType], [p].[Status], [p].[StudentId]
      FROM [Payments] AS [p]
      WHERE [p].[StudentId] = @__studentId_0
      ORDER BY [p].[CreatedAt] DESC
info: Microsoft.EntityFrameworkCore.Database.Command[20101]
      Executed DbCommand (1ms) [Parameters=[@__studentId_0='?' (DbType = Int32)], CommandType='Text', CommandTimeout='30']
      SELECT [p].[Id], [p].[Amount], [p].[CreatedAt], [p].[Description], [p].[ExternalReferenceId], [p].[FeeStructureId], [p].[PaidAt], [p].[PaymentType], [p].[Status], [p].[StudentId]
      FROM [Payments] AS [p]
      WHERE [p].[StudentId] = @__studentId_0
      ORDER BY [p].[CreatedAt] DESC
info: Microsoft.EntityFrameworkCore.Database.Command[20101]
      Executed DbCommand (14ms) [Parameters=[@__p_0='?' (DbType = Int32)], CommandType='Text', CommandTimeout='30']
      SELECT TOP(1) [s].[Id], [s].[Address], [s].[Course], [s].[CreatedAt], [s].[Email], [s].[FullName], [s].[MustChangePassword], [s].[PasswordHash], [s].[Role], [s].[StudentNumber], [s].[YearLevel]
      FROM [Students] AS [s]
      WHERE [s].[Id] = @__p_0
info: Microsoft.EntityFrameworkCore.Database.Command[20101]
      Executed DbCommand (2ms) [Parameters=[@__p_0='?' (DbType = Int32)], CommandType='Text', CommandTimeout='30']
      SELECT TOP(1) [s].[Id], [s].[Address], [s].[Course], [s].[CreatedAt], [s].[Email], [s].[FullName], [s].[MustChangePassword], [s].[PasswordHash], [s].[Role], [s].[StudentNumber], [s].[YearLevel]
      FROM [Students] AS [s]
      WHERE [s].[Id] = @__p_0
info: ECashier.Jobs.PaymentStatusCheckJob[0]
      PaymentStatusCheckJob started at 09/25/2026 05:15:33
info: Microsoft.EntityFrameworkCore.Database.Command[20101]
      Executed DbCommand (6ms) [Parameters=[], CommandType='Text', CommandTimeout='30']
      SELECT [p].[Id], [p].[Amount], [p].[CreatedAt], [p].[Description], [p].[ExternalReferenceId], [p].[FeeStructureId], [p].[PaidAt], [p].[PaymentType], [p].[Status], [p].[StudentId]
      FROM [Payments] AS [p]
      WHERE [p].[Status] = N'Pending' AND [p].[ExternalReferenceId] IS NOT NULL
info: ECashier.Jobs.PaymentStatusCheckJob[0]
      Found 0 pending payments to check
info: ECashier.Jobs.PaymentStatusCheckJob[0]
      PaymentStatusCheckJob completed at 09/25/2026 05:15:33
info: ECashier.Jobs.PaymentStatusCheckJob[0]
      PaymentStatusCheckJob started at 09/25/2026 05:16:03
info: Microsoft.EntityFrameworkCore.Database.Command[20101]
      Executed DbCommand (8ms) [Parameters=[], CommandType='Text', CommandTimeout='30']
      SELECT [p].[Id], [p].[Amount], [p].[CreatedAt], [p].[Description], [p].[ExternalReferenceId], [p].[FeeStructureId], [p].[PaidAt], [p].[PaymentType], [p].[Status], [p].[StudentId]
      FROM [Payments] AS [p]
      WHERE [p].[Status] = N'Pending' AND [p].[ExternalReferenceId] IS NOT NULL
info: ECashier.Jobs.PaymentStatusCheckJob[0]
      Found 0 pending payments to check
info: ECashier.Jobs.PaymentStatusCheckJob[0]
      PaymentStatusCheckJob completed at 09/25/2026 05:16:03
info: ECashier.Jobs.PaymentStatusCheckJob[0]
      PaymentStatusCheckJob started at 09/25/2026 05:16:33
info: Microsoft.EntityFrameworkCore.Database.Command[20101]
      Executed DbCommand (8ms) [Parameters=[], CommandType='Text', CommandTimeout='30']
      SELECT [p].[Id], [p].[Amount], [p].[CreatedAt], [p].[Description], [p].[ExternalReferenceId], [p].[FeeStructureId], [p].[PaidAt], [p].[PaymentType], [p].[Status], [p].[StudentId]
      FROM [Payments] AS [p]
      WHERE [p].[Status] = N'Pending' AND [p].[ExternalReferenceId] IS NOT NULL
info: ECashier.Jobs.PaymentStatusCheckJob[0]
      Found 0 pending payments to check
info: ECashier.Jobs.PaymentStatusCheckJob[0]
      PaymentStatusCheckJob completed at 09/25/2026 05:16:33
info: ECashier.Jobs.PaymentStatusCheckJob[0]
      PaymentStatusCheckJob started at 09/25/2026 05:17:03
info: Microsoft.EntityFrameworkCore.Database.Command[20101]
      Executed DbCommand (8ms) [Parameters=[], CommandType='Text', CommandTimeout='30']
      SELECT [p].[Id], [p].[Amount], [p].[CreatedAt], [p].[Description], [p].[ExternalReferenceId], [p].[FeeStructureId], [p].[PaidAt], [p].[PaymentType], [p].[Status], [p].[StudentId]
      FROM [Payments] AS [p]
      WHERE [p].[Status] = N'Pending' AND [p].[ExternalReferenceId] IS NOT NULL
info: ECashier.Jobs.PaymentStatusCheckJob[0]
      Found 0 pending payments to check
info: ECashier.Jobs.PaymentStatusCheckJob[0]
      PaymentStatusCheckJob completed at 09/25/2026 05:17:03
info: ECashier.Jobs.PaymentStatusCheckJob[0]
      PaymentStatusCheckJob started at 09/25/2026 05:17:33
info: Microsoft.EntityFrameworkCore.Database.Command[20101]
      Executed DbCommand (1ms) [Parameters=[], CommandType='Text', CommandTimeout='30']
      SELECT [p].[Id], [p].[Amount], [p].[CreatedAt], [p].[Description], [p].[ExternalReferenceId], [p].[FeeStructureId], [p].[PaidAt], [p].[PaymentType], [p].[Status], [p].[StudentId]
      FROM [Payments] AS [p]
      WHERE [p].[Status] = N'Pending' AND [p].[ExternalReferenceId] IS NOT NULL
info: ECashier.Jobs.PaymentStatusCheckJob[0]
      Found 0 pending payments to check
info: ECashier.Jobs.PaymentStatusCheckJob[0]
      PaymentStatusCheckJob completed at 09/25/2026 05:17:33
info: ECashier.Jobs.PaymentStatusCheckJob[0]
      PaymentStatusCheckJob started at 09/25/2026 05:18:03
info: Microsoft.EntityFrameworkCore.Database.Command[20101]
      Executed DbCommand (21ms) [Parameters=[], CommandType='Text', CommandTimeout='30']
      SELECT [p].[Id], [p].[Amount], [p].[CreatedAt], [p].[Description], [p].[ExternalReferenceId], [p].[FeeStructureId], [p].[PaidAt], [p].[PaymentType], [p].[Status], [p].[StudentId]
      FROM [Payments] AS [p]
      WHERE [p].[Status] = N'Pending' AND [p].[ExternalReferenceId] IS NOT NULL
info: ECashier.Jobs.PaymentStatusCheckJob[0]
      Found 0 pending payments to check
info: ECashier.Jobs.PaymentStatusCheckJob[0]
      PaymentStatusCheckJob completed at 09/25/2026 05:18:03
info: ECashier.Jobs.PaymentStatusCheckJob[0]
      PaymentStatusCheckJob started at 09/25/2026 05:18:33
info: Microsoft.EntityFrameworkCore.Database.Command[20101]
      Executed DbCommand (7ms) [Parameters=[], CommandType='Text', CommandTimeout='30']
      SELECT [p].[Id], [p].[Amount], [p].[CreatedAt], [p].[Description], [p].[ExternalReferenceId], [p].[FeeStructureId], [p].[PaidAt], [p].[PaymentType], [p].[Status], [p].[StudentId]
      FROM [Payments] AS [p]
      WHERE [p].[Status] = N'Pending' AND [p].[ExternalReferenceId] IS NOT NULL
info: ECashier.Jobs.PaymentStatusCheckJob[0]
      Found 0 pending payments to check
info: ECashier.Jobs.PaymentStatusCheckJob[0]
      PaymentStatusCheckJob completed at 09/25/2026 05:18:33
info: ECashier.Jobs.PaymentStatusCheckJob[0]
      PaymentStatusCheckJob started at 09/25/2026 05:19:03
info: Microsoft.EntityFrameworkCore.Database.Command[20101]
      Executed DbCommand (5ms) [Parameters=[], CommandType='Text', CommandTimeout='30']
      SELECT [p].[Id], [p].[Amount], [p].[CreatedAt], [p].[Description], [p].[ExternalReferenceId], [p].[FeeStructureId], [p].[PaidAt], [p].[PaymentType], [p].[Status], [p].[StudentId]
      FROM [Payments] AS [p]
      WHERE [p].[Status] = N'Pending' AND [p].[ExternalReferenceId] IS NOT NULL
info: ECashier.Jobs.PaymentStatusCheckJob[0]
      Found 0 pending payments to check
info: ECashier.Jobs.PaymentStatusCheckJob[0]
      PaymentStatusCheckJob completed at 09/25/2026 05:19:03
info: ECashier.Jobs.PaymentStatusCheckJob[0]
      PaymentStatusCheckJob started at 09/25/2026 05:19:33
info: Microsoft.EntityFrameworkCore.Database.Command[20101]
      Executed DbCommand (19ms) [Parameters=[], CommandType='Text', CommandTimeout='30']
      SELECT [p].[Id], [p].[Amount], [p].[CreatedAt], [p].[Description], [p].[ExternalReferenceId], [p].[FeeStructureId], [p].[PaidAt], [p].[PaymentType], [p].[Status], [p].[StudentId]
      FROM [Payments] AS [p]
      WHERE [p].[Status] = N'Pending' AND [p].[ExternalReferenceId] IS NOT NULL
info: ECashier.Jobs.PaymentStatusCheckJob[0]
      Found 0 pending payments to check
info: ECashier.Jobs.PaymentStatusCheckJob[0]
      PaymentStatusCheckJob completed at 09/25/2026 05:19:33
info: ECashier.Jobs.AbandonedPaymentJob[0]
      AbandonedPaymentJob started at 09/25/2026 05:20:00
info: Microsoft.EntityFrameworkCore.Database.Command[20101]
      Executed DbCommand (8ms) [Parameters=[@__cutoffTime_0='?' (DbType = DateTime2)], CommandType='Text', CommandTimeout='30']
      SELECT [p].[Id], [p].[Amount], [p].[CreatedAt], [p].[Description], [p].[ExternalReferenceId], [p].[FeeStructureId], [p].[PaidAt], [p].[PaymentType], [p].[Status], [p].[StudentId]
      FROM [Payments] AS [p]
      WHERE [p].[Status] = N'Pending' AND [p].[CreatedAt] < @__cutoffTime_0
info: ECashier.Jobs.AbandonedPaymentJob[0]
      Found 0 abandoned payments
info: ECashier.Jobs.AbandonedPaymentJob[0]
      AbandonedPaymentJob completed at 09/25/2026 05:20:00
info: ECashier.Jobs.PaymentStatusCheckJob[0]
      PaymentStatusCheckJob started at 09/25/2026 05:20:03
info: Microsoft.EntityFrameworkCore.Database.Command[20101]
      Executed DbCommand (11ms) [Parameters=[], CommandType='Text', CommandTimeout='30']
      SELECT [p].[Id], [p].[Amount], [p].[CreatedAt], [p].[Description], [p].[ExternalReferenceId], [p].[FeeStructureId], [p].[PaidAt], [p].[PaymentType], [p].[Status], [p].[StudentId]
      FROM [Payments] AS [p]
      WHERE [p].[Status] = N'Pending' AND [p].[ExternalReferenceId] IS NOT NULL
info: ECashier.Jobs.PaymentStatusCheckJob[0]
      Found 0 pending payments to check
info: ECashier.Jobs.PaymentStatusCheckJob[0]
      PaymentStatusCheckJob completed at 09/25/2026 05:20:03
info: ECashier.Jobs.PaymentStatusCheckJob[0]
      PaymentStatusCheckJob started at 09/25/2026 05:20:33
info: Microsoft.EntityFrameworkCore.Database.Command[20101]
      Executed DbCommand (6ms) [Parameters=[], CommandType='Text', CommandTimeout='30']
      SELECT [p].[Id], [p].[Amount], [p].[CreatedAt], [p].[Description], [p].[ExternalReferenceId], [p].[FeeStructureId], [p].[PaidAt], [p].[PaymentType], [p].[Status], [p].[StudentId]
      FROM [Payments] AS [p]
      WHERE [p].[Status] = N'Pending' AND [p].[ExternalReferenceId] IS NOT NULL
info: ECashier.Jobs.PaymentStatusCheckJob[0]
      Found 0 pending payments to check
info: ECashier.Jobs.PaymentStatusCheckJob[0]
      PaymentStatusCheckJob completed at 09/25/2026 05:20:33
info: ECashier.Jobs.PaymentStatusCheckJob[0]
      PaymentStatusCheckJob started at 09/25/2026 05:21:03
info: Microsoft.EntityFrameworkCore.Database.Command[20101]
      Executed DbCommand (1ms) [Parameters=[], CommandType='Text', CommandTimeout='30']
      SELECT [p].[Id], [p].[Amount], [p].[CreatedAt], [p].[Description], [p].[ExternalReferenceId], [p].[FeeStructureId], [p].[PaidAt], [p].[PaymentType], [p].[Status], [p].[StudentId]
      FROM [Payments] AS [p]
      WHERE [p].[Status] = N'Pending' AND [p].[ExternalReferenceId] IS NOT NULL
info: ECashier.Jobs.PaymentStatusCheckJob[0]
      Found 0 pending payments to check
info: ECashier.Jobs.PaymentStatusCheckJob[0]
      PaymentStatusCheckJob completed at 09/25/2026 05:21:03
info: ECashier.Jobs.PaymentStatusCheckJob[0]
      PaymentStatusCheckJob started at 09/25/2026 05:21:33
info: Microsoft.EntityFrameworkCore.Database.Command[20101]
      Executed DbCommand (4ms) [Parameters=[], CommandType='Text', CommandTimeout='30']
      SELECT [p].[Id], [p].[Amount], [p].[CreatedAt], [p].[Description], [p].[ExternalReferenceId], [p].[FeeStructureId], [p].[PaidAt], [p].[PaymentType], [p].[Status], [p].[StudentId]
      FROM [Payments] AS [p]
      WHERE [p].[Status] = N'Pending' AND [p].[ExternalReferenceId] IS NOT NULL
info: ECashier.Jobs.PaymentStatusCheckJob[0]
      Found 0 pending payments to check
info: ECashier.Jobs.PaymentStatusCheckJob[0]
      PaymentStatusCheckJob completed at 09/25/2026 05:21:33
info: ECashier.Jobs.PaymentStatusCheckJob[0]
      PaymentStatusCheckJob started at 09/25/2026 05:22:03
info: Microsoft.EntityFrameworkCore.Database.Command[20101]
      Executed DbCommand (1ms) [Parameters=[], CommandType='Text', CommandTimeout='30']
      SELECT [p].[Id], [p].[Amount], [p].[CreatedAt], [p].[Description], [p].[ExternalReferenceId], [p].[FeeStructureId], [p].[PaidAt], [p].[PaymentType], [p].[Status], [p].[StudentId]
      FROM [Payments] AS [p]
      WHERE [p].[Status] = N'Pending' AND [p].[ExternalReferenceId] IS NOT NULL
info: ECashier.Jobs.PaymentStatusCheckJob[0]
      Found 0 pending payments to check
info: ECashier.Jobs.PaymentStatusCheckJob[0]
      PaymentStatusCheckJob completed at 09/25/2026 05:22:03
info: ECashier.Jobs.PaymentStatusCheckJob[0]
      PaymentStatusCheckJob started at 09/25/2026 05:22:33
info: Microsoft.EntityFrameworkCore.Database.Command[20101]
      Executed DbCommand (15ms) [Parameters=[], CommandType='Text', CommandTimeout='30']
      SELECT [p].[Id], [p].[Amount], [p].[CreatedAt], [p].[Description], [p].[ExternalReferenceId], [p].[FeeStructureId], [p].[PaidAt], [p].[PaymentType], [p].[Status], [p].[StudentId]
      FROM [Payments] AS [p]
      WHERE [p].[Status] = N'Pending' AND [p].[ExternalReferenceId] IS NOT NULL
info: ECashier.Jobs.PaymentStatusCheckJob[0]
      Found 0 pending payments to check
info: ECashier.Jobs.PaymentStatusCheckJob[0]
      PaymentStatusCheckJob completed at 09/25/2026 05:22:33
info: ECashier.Jobs.PaymentStatusCheckJob[0]
      PaymentStatusCheckJob started at 09/25/2026 05:23:03
info: Microsoft.EntityFrameworkCore.Database.Command[20101]
      Executed DbCommand (1ms) [Parameters=[], CommandType='Text', CommandTimeout='30']
      SELECT [p].[Id], [p].[Amount], [p].[CreatedAt], [p].[Description], [p].[ExternalReferenceId], [p].[FeeStructureId], [p].[PaidAt], [p].[PaymentType], [p].[Status], [p].[StudentId]
      FROM [Payments] AS [p]
      WHERE [p].[Status] = N'Pending' AND [p].[ExternalReferenceId] IS NOT NULL
info: ECashier.Jobs.PaymentStatusCheckJob[0]
      Found 0 pending payments to check
info: ECashier.Jobs.PaymentStatusCheckJob[0]
      PaymentStatusCheckJob completed at 09/25/2026 05:23:03
info: ECashier.Jobs.PaymentStatusCheckJob[0]
      PaymentStatusCheckJob started at 09/25/2026 05:23:33
info: Microsoft.EntityFrameworkCore.Database.Command[20101]
      Executed DbCommand (6ms) [Parameters=[], CommandType='Text', CommandTimeout='30']
      SELECT [p].[Id], [p].[Amount], [p].[CreatedAt], [p].[Description], [p].[ExternalReferenceId], [p].[FeeStructureId], [p].[PaidAt], [p].[PaymentType], [p].[Status], [p].[StudentId]
      FROM [Payments] AS [p]
      WHERE [p].[Status] = N'Pending' AND [p].[ExternalReferenceId] IS NOT NULL
info: ECashier.Jobs.PaymentStatusCheckJob[0]
      Found 0 pending payments to check
info: ECashier.Jobs.PaymentStatusCheckJob[0]
      PaymentStatusCheckJob completed at 09/25/2026 05:23:33
info: ECashier.Jobs.PaymentStatusCheckJob[0]
      PaymentStatusCheckJob started at 09/25/2026 05:24:03
info: Microsoft.EntityFrameworkCore.Database.Command[20101]
      Executed DbCommand (16ms) [Parameters=[], CommandType='Text', CommandTimeout='30']
      SELECT [p].[Id], [p].[Amount], [p].[CreatedAt], [p].[Description], [p].[ExternalReferenceId], [p].[FeeStructureId], [p].[PaidAt], [p].[PaymentType], [p].[Status], [p].[StudentId]
      FROM [Payments] AS [p]
      WHERE [p].[Status] = N'Pending' AND [p].[ExternalReferenceId] IS NOT NULL
info: ECashier.Jobs.PaymentStatusCheckJob[0]
      Found 0 pending payments to check
info: ECashier.Jobs.PaymentStatusCheckJob[0]
      PaymentStatusCheckJob completed at 09/25/2026 05:24:03
info: ECashier.Jobs.PaymentStatusCheckJob[0]
      PaymentStatusCheckJob started at 09/25/2026 05:24:33
info: Microsoft.EntityFrameworkCore.Database.Command[20101]
      Executed DbCommand (6ms) [Parameters=[], CommandType='Text', CommandTimeout='30']
      SELECT [p].[Id], [p].[Amount], [p].[CreatedAt], [p].[Description], [p].[ExternalReferenceId], [p].[FeeStructureId], [p].[PaidAt], [p].[PaymentType], [p].[Status], [p].[StudentId]
      FROM [Payments] AS [p]
      WHERE [p].[Status] = N'Pending' AND [p].[ExternalReferenceId] IS NOT NULL
info: ECashier.Jobs.PaymentStatusCheckJob[0]
      Found 0 pending payments to check
info: ECashier.Jobs.PaymentStatusCheckJob[0]
      PaymentStatusCheckJob completed at 09/25/2026 05:24:33
info: ECashier.Jobs.AbandonedPaymentJob[0]
      AbandonedPaymentJob started at 09/25/2026 05:25:00
info: Microsoft.EntityFrameworkCore.Database.Command[20101]
      Executed DbCommand (19ms) [Parameters=[@__cutoffTime_0='?' (DbType = DateTime2)], CommandType='Text', CommandTimeout='30']
      SELECT [p].[Id], [p].[Amount], [p].[CreatedAt], [p].[Description], [p].[ExternalReferenceId], [p].[FeeStructureId], [p].[PaidAt], [p].[PaymentType], [p].[Status], [p].[StudentId]
      FROM [Payments] AS [p]
      WHERE [p].[Status] = N'Pending' AND [p].[CreatedAt] < @__cutoffTime_0
info: ECashier.Jobs.AbandonedPaymentJob[0]
      Found 0 abandoned payments
info: ECashier.Jobs.AbandonedPaymentJob[0]
      AbandonedPaymentJob completed at 09/25/2026 05:25:00
info: ECashier.Jobs.PaymentStatusCheckJob[0]
      PaymentStatusCheckJob started at 09/25/2026 05:25:03
info: Microsoft.EntityFrameworkCore.Database.Command[20101]
      Executed DbCommand (5ms) [Parameters=[], CommandType='Text', CommandTimeout='30']
      SELECT [p].[Id], [p].[Amount], [p].[CreatedAt], [p].[Description], [p].[ExternalReferenceId], [p].[FeeStructureId], [p].[PaidAt], [p].[PaymentType], [p].[Status], [p].[StudentId]
      FROM [Payments] AS [p]
      WHERE [p].[Status] = N'Pending' AND [p].[ExternalReferenceId] IS NOT NULL
info: ECashier.Jobs.PaymentStatusCheckJob[0]
      Found 0 pending payments to check
info: ECashier.Jobs.PaymentStatusCheckJob[0]
      PaymentStatusCheckJob completed at 09/25/2026 05:25:03
info: ECashier.Jobs.PaymentStatusCheckJob[0]
      PaymentStatusCheckJob started at 09/25/2026 05:25:33
info: Microsoft.EntityFrameworkCore.Database.Command[20101]
      Executed DbCommand (23ms) [Parameters=[], CommandType='Text', CommandTimeout='30']
      SELECT [p].[Id], [p].[Amount], [p].[CreatedAt], [p].[Description], [p].[ExternalReferenceId], [p].[FeeStructureId], [p].[PaidAt], [p].[PaymentType], [p].[Status], [p].[StudentId]
      FROM [Payments] AS [p]
      WHERE [p].[Status] = N'Pending' AND [p].[ExternalReferenceId] IS NOT NULL
info: ECashier.Jobs.PaymentStatusCheckJob[0]
      Found 0 pending payments to check
info: ECashier.Jobs.PaymentStatusCheckJob[0]
      PaymentStatusCheckJob completed at 09/25/2026 05:25:33
info: ECashier.Jobs.PaymentStatusCheckJob[0]
      PaymentStatusCheckJob started at 09/25/2026 05:26:03
info: Microsoft.EntityFrameworkCore.Database.Command[20101]
      Executed DbCommand (6ms) [Parameters=[], CommandType='Text', CommandTimeout='30']
      SELECT [p].[Id], [p].[Amount], [p].[CreatedAt], [p].[Description], [p].[ExternalReferenceId], [p].[FeeStructureId], [p].[PaidAt], [p].[PaymentType], [p].[Status], [p].[StudentId]
      FROM [Payments] AS [p]
      WHERE [p].[Status] = N'Pending' AND [p].[ExternalReferenceId] IS NOT NULL
info: ECashier.Jobs.PaymentStatusCheckJob[0]
      Found 0 pending payments to check
info: ECashier.Jobs.PaymentStatusCheckJob[0]
      PaymentStatusCheckJob completed at 09/25/2026 05:26:03
info: ECashier.Jobs.PaymentStatusCheckJob[0]
      PaymentStatusCheckJob started at 09/25/2026 05:26:33
info: Microsoft.EntityFrameworkCore.Database.Command[20101]
      Executed DbCommand (1ms) [Parameters=[], CommandType='Text', CommandTimeout='30']
      SELECT [p].[Id], [p].[Amount], [p].[CreatedAt], [p].[Description], [p].[ExternalReferenceId], [p].[FeeStructureId], [p].[PaidAt], [p].[PaymentType], [p].[Status], [p].[StudentId]
      FROM [Payments] AS [p]
      WHERE [p].[Status] = N'Pending' AND [p].[ExternalReferenceId] IS NOT NULL
info: ECashier.Jobs.PaymentStatusCheckJob[0]
      Found 0 pending payments to check
info: ECashier.Jobs.PaymentStatusCheckJob[0]
      PaymentStatusCheckJob completed at 09/25/2026 05:26:33
info: ECashier.Jobs.PaymentStatusCheckJob[0]
      PaymentStatusCheckJob started at 09/25/2026 05:27:03
info: Microsoft.EntityFrameworkCore.Database.Command[20101]
      Executed DbCommand (8ms) [Parameters=[], CommandType='Text', CommandTimeout='30']
      SELECT [p].[Id], [p].[Amount], [p].[CreatedAt], [p].[Description], [p].[ExternalReferenceId], [p].[FeeStructureId], [p].[PaidAt], [p].[PaymentType], [p].[Status], [p].[StudentId]
      FROM [Payments] AS [p]
      WHERE [p].[Status] = N'Pending' AND [p].[ExternalReferenceId] IS NOT NULL
info: ECashier.Jobs.PaymentStatusCheckJob[0]
      Found 0 pending payments to check
info: ECashier.Jobs.PaymentStatusCheckJob[0]
      PaymentStatusCheckJob completed at 09/25/2026 05:27:03
info: ECashier.Jobs.PaymentStatusCheckJob[0]
      PaymentStatusCheckJob started at 09/25/2026 05:27:33
info: Microsoft.EntityFrameworkCore.Database.Command[20101]
      Executed DbCommand (1ms) [Parameters=[], CommandType='Text', CommandTimeout='30']
      SELECT [p].[Id], [p].[Amount], [p].[CreatedAt], [p].[Description], [p].[ExternalReferenceId], [p].[FeeStructureId], [p].[PaidAt], [p].[PaymentType], [p].[Status], [p].[StudentId]
      FROM [Payments] AS [p]
      WHERE [p].[Status] = N'Pending' AND [p].[ExternalReferenceId] IS NOT NULL
info: ECashier.Jobs.PaymentStatusCheckJob[0]
      Found 0 pending payments to check
info: ECashier.Jobs.PaymentStatusCheckJob[0]
      PaymentStatusCheckJob completed at 09/25/2026 05:27:33
info: ECashier.Jobs.PaymentStatusCheckJob[0]
      PaymentStatusCheckJob started at 09/25/2026 05:28:03
info: Microsoft.EntityFrameworkCore.Database.Command[20101]
      Executed DbCommand (2ms) [Parameters=[], CommandType='Text', CommandTimeout='30']
      SELECT [p].[Id], [p].[Amount], [p].[CreatedAt], [p].[Description], [p].[ExternalReferenceId], [p].[FeeStructureId], [p].[PaidAt], [p].[PaymentType], [p].[Status], [p].[StudentId]
      FROM [Payments] AS [p]
      WHERE [p].[Status] = N'Pending' AND [p].[ExternalReferenceId] IS NOT NULL
info: ECashier.Jobs.PaymentStatusCheckJob[0]
      Found 0 pending payments to check
info: ECashier.Jobs.PaymentStatusCheckJob[0]
      PaymentStatusCheckJob completed at 09/25/2026 05:28:03
info: ECashier.Jobs.PaymentStatusCheckJob[0]
      PaymentStatusCheckJob started at 09/25/2026 05:28:33
info: Microsoft.EntityFrameworkCore.Database.Command[20101]
      Executed DbCommand (7ms) [Parameters=[], CommandType='Text', CommandTimeout='30']
      SELECT [p].[Id], [p].[Amount], [p].[CreatedAt], [p].[Description], [p].[ExternalReferenceId], [p].[FeeStructureId], [p].[PaidAt], [p].[PaymentType], [p].[Status], [p].[StudentId]
      FROM [Payments] AS [p]
      WHERE [p].[Status] = N'Pending' AND [p].[ExternalReferenceId] IS NOT NULL
info: ECashier.Jobs.PaymentStatusCheckJob[0]
      Found 0 pending payments to check
info: ECashier.Jobs.PaymentStatusCheckJob[0]
      PaymentStatusCheckJob completed at 09/25/2026 05:28:33
info: ECashier.Jobs.PaymentStatusCheckJob[0]
      PaymentStatusCheckJob started at 09/25/2026 05:29:03
info: Microsoft.EntityFrameworkCore.Database.Command[20101]
      Executed DbCommand (79ms) [Parameters=[], CommandType='Text', CommandTimeout='30']
      SELECT [p].[Id], [p].[Amount], [p].[CreatedAt], [p].[Description], [p].[ExternalReferenceId], [p].[FeeStructureId], [p].[PaidAt], [p].[PaymentType], [p].[Status], [p].[StudentId]
      FROM [Payments] AS [p]
      WHERE [p].[Status] = N'Pending' AND [p].[ExternalReferenceId] IS NOT NULL
info: ECashier.Jobs.PaymentStatusCheckJob[0]
      Found 0 pending payments to check
info: ECashier.Jobs.PaymentStatusCheckJob[0]
      PaymentStatusCheckJob completed at 09/25/2026 05:29:03
info: ECashier.Jobs.PaymentStatusCheckJob[0]
      PaymentStatusCheckJob started at 09/25/2026 05:29:33
info: Microsoft.EntityFrameworkCore.Database.Command[20101]
      Executed DbCommand (70ms) [Parameters=[], CommandType='Text', CommandTimeout='30']
      SELECT [p].[Id], [p].[Amount], [p].[CreatedAt], [p].[Description], [p].[ExternalReferenceId], [p].[FeeStructureId], [p].[PaidAt], [p].[PaymentType], [p].[Status], [p].[StudentId]
      FROM [Payments] AS [p]
      WHERE [p].[Status] = N'Pending' AND [p].[ExternalReferenceId] IS NOT NULL
info: ECashier.Jobs.PaymentStatusCheckJob[0]
      Found 0 pending payments to check
info: ECashier.Jobs.PaymentStatusCheckJob[0]
      PaymentStatusCheckJob completed at 09/25/2026 05:29:33
info: ECashier.Jobs.AbandonedPaymentJob[0]
      AbandonedPaymentJob started at 09/25/2026 05:30:00
info: Microsoft.EntityFrameworkCore.Database.Command[20101]
      Executed DbCommand (8ms) [Parameters=[@__cutoffTime_0='?' (DbType = DateTime2)], CommandType='Text', CommandTimeout='30']
      SELECT [p].[Id], [p].[Amount], [p].[CreatedAt], [p].[Description], [p].[ExternalReferenceId], [p].[FeeStructureId], [p].[PaidAt], [p].[PaymentType], [p].[Status], [p].[StudentId]
      FROM [Payments] AS [p]
      WHERE [p].[Status] = N'Pending' AND [p].[CreatedAt] < @__cutoffTime_0
info: ECashier.Jobs.AbandonedPaymentJob[0]
      Found 0 abandoned payments
info: ECashier.Jobs.AbandonedPaymentJob[0]
      AbandonedPaymentJob completed at 09/25/2026 05:30:00
info: ECashier.Jobs.PaymentStatusCheckJob[0]
      PaymentStatusCheckJob started at 09/25/2026 05:30:03
info: Microsoft.EntityFrameworkCore.Database.Command[20101]
      Executed DbCommand (5ms) [Parameters=[], CommandType='Text', CommandTimeout='30']
      SELECT [p].[Id], [p].[Amount], [p].[CreatedAt], [p].[Description], [p].[ExternalReferenceId], [p].[FeeStructureId], [p].[PaidAt], [p].[PaymentType], [p].[Status], [p].[StudentId]
      FROM [Payments] AS [p]
      WHERE [p].[Status] = N'Pending' AND [p].[ExternalReferenceId] IS NOT NULL
info: ECashier.Jobs.PaymentStatusCheckJob[0]
      Found 0 pending payments to check
info: ECashier.Jobs.PaymentStatusCheckJob[0]
      PaymentStatusCheckJob completed at 09/25/2026 05:30:03
info: ECashier.Jobs.PaymentStatusCheckJob[0]
      PaymentStatusCheckJob started at 09/25/2026 05:30:33
info: Microsoft.EntityFrameworkCore.Database.Command[20101]
      Executed DbCommand (9ms) [Parameters=[], CommandType='Text', CommandTimeout='30']
      SELECT [p].[Id], [p].[Amount], [p].[CreatedAt], [p].[Description], [p].[ExternalReferenceId], [p].[FeeStructureId], [p].[PaidAt], [p].[PaymentType], [p].[Status], [p].[StudentId]
      FROM [Payments] AS [p]
      WHERE [p].[Status] = N'Pending' AND [p].[ExternalReferenceId] IS NOT NULL
info: ECashier.Jobs.PaymentStatusCheckJob[0]
      Found 0 pending payments to check
info: ECashier.Jobs.PaymentStatusCheckJob[0]
      PaymentStatusCheckJob completed at 09/25/2026 05:30:33
info: ECashier.Jobs.PaymentStatusCheckJob[0]
      PaymentStatusCheckJob started at 09/25/2026 05:31:03
info: Microsoft.EntityFrameworkCore.Database.Command[20101]
      Executed DbCommand (10ms) [Parameters=[], CommandType='Text', CommandTimeout='30']
      SELECT [p].[Id], [p].[Amount], [p].[CreatedAt], [p].[Description], [p].[ExternalReferenceId], [p].[FeeStructureId], [p].[PaidAt], [p].[PaymentType], [p].[Status], [p].[StudentId]
      FROM [Payments] AS [p]
      WHERE [p].[Status] = N'Pending' AND [p].[ExternalReferenceId] IS NOT NULL
info: ECashier.Jobs.PaymentStatusCheckJob[0]
      Found 0 pending payments to check
info: ECashier.Jobs.PaymentStatusCheckJob[0]
      PaymentStatusCheckJob completed at 09/25/2026 05:31:03
info: ECashier.Jobs.PaymentStatusCheckJob[0]
      PaymentStatusCheckJob started at 09/25/2026 05:31:33
info: Microsoft.EntityFrameworkCore.Database.Command[20101]
      Executed DbCommand (15ms) [Parameters=[], CommandType='Text', CommandTimeout='30']
      SELECT [p].[Id], [p].[Amount], [p].[CreatedAt], [p].[Description], [p].[ExternalReferenceId], [p].[FeeStructureId], [p].[PaidAt], [p].[PaymentType], [p].[Status], [p].[StudentId]
      FROM [Payments] AS [p]
      WHERE [p].[Status] = N'Pending' AND [p].[ExternalReferenceId] IS NOT NULL
info: ECashier.Jobs.PaymentStatusCheckJob[0]
      Found 0 pending payments to check
info: ECashier.Jobs.PaymentStatusCheckJob[0]
      PaymentStatusCheckJob completed at 09/25/2026 05:31:33
info: ECashier.Jobs.PaymentStatusCheckJob[0]
      PaymentStatusCheckJob started at 09/25/2026 05:32:03
info: Microsoft.EntityFrameworkCore.Database.Command[20101]
      Executed DbCommand (1ms) [Parameters=[], CommandType='Text', CommandTimeout='30']
      SELECT [p].[Id], [p].[Amount], [p].[CreatedAt], [p].[Description], [p].[ExternalReferenceId], [p].[FeeStructureId], [p].[PaidAt], [p].[PaymentType], [p].[Status], [p].[StudentId]
      FROM [Payments] AS [p]
      WHERE [p].[Status] = N'Pending' AND [p].[ExternalReferenceId] IS NOT NULL
info: ECashier.Jobs.PaymentStatusCheckJob[0]
      Found 0 pending payments to check
info: ECashier.Jobs.PaymentStatusCheckJob[0]
      PaymentStatusCheckJob completed at 09/25/2026 05:32:03
info: ECashier.Jobs.PaymentStatusCheckJob[0]
      PaymentStatusCheckJob started at 09/25/2026 05:32:33
info: Microsoft.EntityFrameworkCore.Database.Command[20101]
      Executed DbCommand (16ms) [Parameters=[], CommandType='Text', CommandTimeout='30']
      SELECT [p].[Id], [p].[Amount], [p].[CreatedAt], [p].[Description], [p].[ExternalReferenceId], [p].[FeeStructureId], [p].[PaidAt], [p].[PaymentType], [p].[Status], [p].[StudentId]
      FROM [Payments] AS [p]
      WHERE [p].[Status] = N'Pending' AND [p].[ExternalReferenceId] IS NOT NULL
info: ECashier.Jobs.PaymentStatusCheckJob[0]
      Found 0 pending payments to check
info: ECashier.Jobs.PaymentStatusCheckJob[0]
      PaymentStatusCheckJob completed at 09/25/2026 05:32:33
info: ECashier.Jobs.PaymentStatusCheckJob[0]
      PaymentStatusCheckJob started at 09/25/2026 05:33:03
info: Microsoft.EntityFrameworkCore.Database.Command[20101]
      Executed DbCommand (2ms) [Parameters=[], CommandType='Text', CommandTimeout='30']
      SELECT [p].[Id], [p].[Amount], [p].[CreatedAt], [p].[Description], [p].[ExternalReferenceId], [p].[FeeStructureId], [p].[PaidAt], [p].[PaymentType], [p].[Status], [p].[StudentId]
      FROM [Payments] AS [p]
      WHERE [p].[Status] = N'Pending' AND [p].[ExternalReferenceId] IS NOT NULL
info: ECashier.Jobs.PaymentStatusCheckJob[0]
      Found 0 pending payments to check
info: ECashier.Jobs.PaymentStatusCheckJob[0]
      PaymentStatusCheckJob completed at 09/25/2026 05:33:03
info: ECashier.Jobs.PaymentStatusCheckJob[0]
      PaymentStatusCheckJob started at 09/25/2026 05:33:33
info: Microsoft.EntityFrameworkCore.Database.Command[20101]
      Executed DbCommand (62ms) [Parameters=[], CommandType='Text', CommandTimeout='30']
      SELECT [p].[Id], [p].[Amount], [p].[CreatedAt], [p].[Description], [p].[ExternalReferenceId], [p].[FeeStructureId], [p].[PaidAt], [p].[PaymentType], [p].[Status], [p].[StudentId]
      FROM [Payments] AS [p]
      WHERE [p].[Status] = N'Pending' AND [p].[ExternalReferenceId] IS NOT NULL
info: ECashier.Jobs.PaymentStatusCheckJob[0]
      Found 0 pending payments to check
info: ECashier.Jobs.PaymentStatusCheckJob[0]
      PaymentStatusCheckJob completed at 09/25/2026 05:33:33
info: ECashier.Jobs.PaymentStatusCheckJob[0]
      PaymentStatusCheckJob started at 09/25/2026 05:34:03
info: Microsoft.EntityFrameworkCore.Database.Command[20101]
      Executed DbCommand (14ms) [Parameters=[], CommandType='Text', CommandTimeout='30']
      SELECT [p].[Id], [p].[Amount], [p].[CreatedAt], [p].[Description], [p].[ExternalReferenceId], [p].[FeeStructureId], [p].[PaidAt], [p].[PaymentType], [p].[Status], [p].[StudentId]
      FROM [Payments] AS [p]
      WHERE [p].[Status] = N'Pending' AND [p].[ExternalReferenceId] IS NOT NULL
info: ECashier.Jobs.PaymentStatusCheckJob[0]
      Found 0 pending payments to check
info: ECashier.Jobs.PaymentStatusCheckJob[0]
      PaymentStatusCheckJob completed at 09/25/2026 05:34:03
info: ECashier.Jobs.PaymentStatusCheckJob[0]
      PaymentStatusCheckJob started at 09/25/2026 05:34:33
info: Microsoft.EntityFrameworkCore.Database.Command[20101]
      Executed DbCommand (58ms) [Parameters=[], CommandType='Text', CommandTimeout='30']
      SELECT [p].[Id], [p].[Amount], [p].[CreatedAt], [p].[Description], [p].[ExternalReferenceId], [p].[FeeStructureId], [p].[PaidAt], [p].[PaymentType], [p].[Status], [p].[StudentId]
      FROM [Payments] AS [p]
      WHERE [p].[Status] = N'Pending' AND [p].[ExternalReferenceId] IS NOT NULL
info: ECashier.Jobs.PaymentStatusCheckJob[0]
      Found 0 pending payments to check
info: ECashier.Jobs.PaymentStatusCheckJob[0]
      PaymentStatusCheckJob completed at 09/25/2026 05:34:33
info: ECashier.Jobs.AbandonedPaymentJob[0]
      AbandonedPaymentJob started at 09/25/2026 05:35:00
info: Microsoft.EntityFrameworkCore.Database.Command[20101]
      Executed DbCommand (19ms) [Parameters=[@__cutoffTime_0='?' (DbType = DateTime2)], CommandType='Text', CommandTimeout='30']
      SELECT [p].[Id], [p].[Amount], [p].[CreatedAt], [p].[Description], [p].[ExternalReferenceId], [p].[FeeStructureId], [p].[PaidAt], [p].[PaymentType], [p].[Status], [p].[StudentId]
      FROM [Payments] AS [p]
      WHERE [p].[Status] = N'Pending' AND [p].[CreatedAt] < @__cutoffTime_0
info: ECashier.Jobs.AbandonedPaymentJob[0]
      Found 0 abandoned payments
info: ECashier.Jobs.AbandonedPaymentJob[0]
      AbandonedPaymentJob completed at 09/25/2026 05:35:00
info: ECashier.Jobs.PaymentStatusCheckJob[0]
      PaymentStatusCheckJob started at 09/25/2026 05:35:03
info: Microsoft.EntityFrameworkCore.Database.Command[20101]
      Executed DbCommand (7ms) [Parameters=[], CommandType='Text', CommandTimeout='30']
      SELECT [p].[Id], [p].[Amount], [p].[CreatedAt], [p].[Description], [p].[ExternalReferenceId], [p].[FeeStructureId], [p].[PaidAt], [p].[PaymentType], [p].[Status], [p].[StudentId]
      FROM [Payments] AS [p]
      WHERE [p].[Status] = N'Pending' AND [p].[ExternalReferenceId] IS NOT NULL
info: ECashier.Jobs.PaymentStatusCheckJob[0]
      Found 0 pending payments to check
info: ECashier.Jobs.PaymentStatusCheckJob[0]
      PaymentStatusCheckJob completed at 09/25/2026 05:35:03
info: ECashier.Jobs.PaymentStatusCheckJob[0]
      PaymentStatusCheckJob started at 09/25/2026 05:35:33
info: Microsoft.EntityFrameworkCore.Database.Command[20101]
      Executed DbCommand (20ms) [Parameters=[], CommandType='Text', CommandTimeout='30']
      SELECT [p].[Id], [p].[Amount], [p].[CreatedAt], [p].[Description], [p].[ExternalReferenceId], [p].[FeeStructureId], [p].[PaidAt], [p].[PaymentType], [p].[Status], [p].[StudentId]
      FROM [Payments] AS [p]
      WHERE [p].[Status] = N'Pending' AND [p].[ExternalReferenceId] IS NOT NULL
info: ECashier.Jobs.PaymentStatusCheckJob[0]
      Found 0 pending payments to check
info: ECashier.Jobs.PaymentStatusCheckJob[0]
      PaymentStatusCheckJob completed at 09/25/2026 05:35:33
info: ECashier.Jobs.PaymentStatusCheckJob[0]
      PaymentStatusCheckJob started at 09/25/2026 05:36:03
info: Microsoft.EntityFrameworkCore.Database.Command[20101]
      Executed DbCommand (57ms) [Parameters=[], CommandType='Text', CommandTimeout='30']
      SELECT [p].[Id], [p].[Amount], [p].[CreatedAt], [p].[Description], [p].[ExternalReferenceId], [p].[FeeStructureId], [p].[PaidAt], [p].[PaymentType], [p].[Status], [p].[StudentId]
      FROM [Payments] AS [p]
      WHERE [p].[Status] = N'Pending' AND [p].[ExternalReferenceId] IS NOT NULL
info: ECashier.Jobs.PaymentStatusCheckJob[0]
      Found 0 pending payments to check
info: ECashier.Jobs.PaymentStatusCheckJob[0]
      PaymentStatusCheckJob completed at 09/25/2026 05:36:03
info: ECashier.Jobs.PaymentStatusCheckJob[0]
      PaymentStatusCheckJob started at 09/25/2026 05:36:33
info: Microsoft.EntityFrameworkCore.Database.Command[20101]
      Executed DbCommand (9ms) [Parameters=[], CommandType='Text', CommandTimeout='30']
      SELECT [p].[Id], [p].[Amount], [p].[CreatedAt], [p].[Description], [p].[ExternalReferenceId], [p].[FeeStructureId], [p].[PaidAt], [p].[PaymentType], [p].[Status], [p].[StudentId]
      FROM [Payments] AS [p]
      WHERE [p].[Status] = N'Pending' AND [p].[ExternalReferenceId] IS NOT NULL
info: ECashier.Jobs.PaymentStatusCheckJob[0]
      Found 0 pending payments to check
info: ECashier.Jobs.PaymentStatusCheckJob[0]
      PaymentStatusCheckJob completed at 09/25/2026 05:36:33
info: ECashier.Jobs.PaymentStatusCheckJob[0]
      PaymentStatusCheckJob started at 09/25/2026 05:37:03
info: Microsoft.EntityFrameworkCore.Database.Command[20101]
      Executed DbCommand (57ms) [Parameters=[], CommandType='Text', CommandTimeout='30']
      SELECT [p].[Id], [p].[Amount], [p].[CreatedAt], [p].[Description], [p].[ExternalReferenceId], [p].[FeeStructureId], [p].[PaidAt], [p].[PaymentType], [p].[Status], [p].[StudentId]
      FROM [Payments] AS [p]
      WHERE [p].[Status] = N'Pending' AND [p].[ExternalReferenceId] IS NOT NULL
info: ECashier.Jobs.PaymentStatusCheckJob[0]
      Found 0 pending payments to check
info: ECashier.Jobs.PaymentStatusCheckJob[0]
      PaymentStatusCheckJob completed at 09/25/2026 05:37:03
info: ECashier.Jobs.PaymentStatusCheckJob[0]
      PaymentStatusCheckJob started at 09/25/2026 05:37:33
info: Microsoft.EntityFrameworkCore.Database.Command[20101]
      Executed DbCommand (13ms) [Parameters=[], CommandType='Text', CommandTimeout='30']
      SELECT [p].[Id], [p].[Amount], [p].[CreatedAt], [p].[Description], [p].[ExternalReferenceId], [p].[FeeStructureId], [p].[PaidAt], [p].[PaymentType], [p].[Status], [p].[StudentId]
      FROM [Payments] AS [p]
      WHERE [p].[Status] = N'Pending' AND [p].[ExternalReferenceId] IS NOT NULL
info: ECashier.Jobs.PaymentStatusCheckJob[0]
      Found 0 pending payments to check
info: ECashier.Jobs.PaymentStatusCheckJob[0]
      PaymentStatusCheckJob completed at 09/25/2026 05:37:33
info: ECashier.Jobs.PaymentStatusCheckJob[0]
      PaymentStatusCheckJob started at 09/25/2026 05:38:03
info: Microsoft.EntityFrameworkCore.Database.Command[20101]
      Executed DbCommand (73ms) [Parameters=[], CommandType='Text', CommandTimeout='30']
      SELECT [p].[Id], [p].[Amount], [p].[CreatedAt], [p].[Description], [p].[ExternalReferenceId], [p].[FeeStructureId], [p].[PaidAt], [p].[PaymentType], [p].[Status], [p].[StudentId]
      FROM [Payments] AS [p]
      WHERE [p].[Status] = N'Pending' AND [p].[ExternalReferenceId] IS NOT NULL
info: ECashier.Jobs.PaymentStatusCheckJob[0]
      Found 0 pending payments to check
info: ECashier.Jobs.PaymentStatusCheckJob[0]
      PaymentStatusCheckJob completed at 09/25/2026 05:38:03
info: ECashier.Jobs.PaymentStatusCheckJob[0]
      PaymentStatusCheckJob started at 09/25/2026 05:38:33
info: Microsoft.EntityFrameworkCore.Database.Command[20101]
      Executed DbCommand (10ms) [Parameters=[], CommandType='Text', CommandTimeout='30']
      SELECT [p].[Id], [p].[Amount], [p].[CreatedAt], [p].[Description], [p].[ExternalReferenceId], [p].[FeeStructureId], [p].[PaidAt], [p].[PaymentType], [p].[Status], [p].[StudentId]
      FROM [Payments] AS [p]
      WHERE [p].[Status] = N'Pending' AND [p].[ExternalReferenceId] IS NOT NULL
info: ECashier.Jobs.PaymentStatusCheckJob[0]
      Found 0 pending payments to check
info: ECashier.Jobs.PaymentStatusCheckJob[0]
      PaymentStatusCheckJob completed at 09/25/2026 05:38:33
info: ECashier.Jobs.PaymentStatusCheckJob[0]
      PaymentStatusCheckJob started at 09/25/2026 05:39:03
info: Microsoft.EntityFrameworkCore.Database.Command[20101]
      Executed DbCommand (28ms) [Parameters=[], CommandType='Text', CommandTimeout='30']
      SELECT [p].[Id], [p].[Amount], [p].[CreatedAt], [p].[Description], [p].[ExternalReferenceId], [p].[FeeStructureId], [p].[PaidAt], [p].[PaymentType], [p].[Status], [p].[StudentId]
      FROM [Payments] AS [p]
      WHERE [p].[Status] = N'Pending' AND [p].[ExternalReferenceId] IS NOT NULL
info: ECashier.Jobs.PaymentStatusCheckJob[0]
      Found 0 pending payments to check
info: ECashier.Jobs.PaymentStatusCheckJob[0]
      PaymentStatusCheckJob completed at 09/25/2026 05:39:03
info: ECashier.Jobs.PaymentStatusCheckJob[0]
      PaymentStatusCheckJob started at 09/25/2026 05:39:33
info: Microsoft.EntityFrameworkCore.Database.Command[20101]
      Executed DbCommand (12ms) [Parameters=[], CommandType='Text', CommandTimeout='30']
      SELECT [p].[Id], [p].[Amount], [p].[CreatedAt], [p].[Description], [p].[ExternalReferenceId], [p].[FeeStructureId], [p].[PaidAt], [p].[PaymentType], [p].[Status], [p].[StudentId]
      FROM [Payments] AS [p]
      WHERE [p].[Status] = N'Pending' AND [p].[ExternalReferenceId] IS NOT NULL
info: ECashier.Jobs.PaymentStatusCheckJob[0]
      Found 0 pending payments to check
info: ECashier.Jobs.PaymentStatusCheckJob[0]
      PaymentStatusCheckJob completed at 09/25/2026 05:39:33
info: ECashier.Jobs.AbandonedPaymentJob[0]
      AbandonedPaymentJob started at 09/25/2026 05:40:00
info: Microsoft.EntityFrameworkCore.Database.Command[20101]
      Executed DbCommand (6ms) [Parameters=[@__cutoffTime_0='?' (DbType = DateTime2)], CommandType='Text', CommandTimeout='30']
      SELECT [p].[Id], [p].[Amount], [p].[CreatedAt], [p].[Description], [p].[ExternalReferenceId], [p].[FeeStructureId], [p].[PaidAt], [p].[PaymentType], [p].[Status], [p].[StudentId]
      FROM [Payments] AS [p]
      WHERE [p].[Status] = N'Pending' AND [p].[CreatedAt] < @__cutoffTime_0
info: ECashier.Jobs.AbandonedPaymentJob[0]
      Found 0 abandoned payments
info: ECashier.Jobs.AbandonedPaymentJob[0]
      AbandonedPaymentJob completed at 09/25/2026 05:40:00
info: ECashier.Jobs.PaymentStatusCheckJob[0]
      PaymentStatusCheckJob started at 09/25/2026 05:40:03
info: Microsoft.EntityFrameworkCore.Database.Command[20101]
      Executed DbCommand (9ms) [Parameters=[], CommandType='Text', CommandTimeout='30']
      SELECT [p].[Id], [p].[Amount], [p].[CreatedAt], [p].[Description], [p].[ExternalReferenceId], [p].[FeeStructureId], [p].[PaidAt], [p].[PaymentType], [p].[Status], [p].[StudentId]
      FROM [Payments] AS [p]
      WHERE [p].[Status] = N'Pending' AND [p].[ExternalReferenceId] IS NOT NULL
info: ECashier.Jobs.PaymentStatusCheckJob[0]
      Found 0 pending payments to check
info: ECashier.Jobs.PaymentStatusCheckJob[0]
      PaymentStatusCheckJob completed at 09/25/2026 05:40:03
info: ECashier.Jobs.PaymentStatusCheckJob[0]
      PaymentStatusCheckJob started at 09/25/2026 05:40:33
info: Microsoft.EntityFrameworkCore.Database.Command[20101]
      Executed DbCommand (8ms) [Parameters=[], CommandType='Text', CommandTimeout='30']
      SELECT [p].[Id], [p].[Amount], [p].[CreatedAt], [p].[Description], [p].[ExternalReferenceId], [p].[FeeStructureId], [p].[PaidAt], [p].[PaymentType], [p].[Status], [p].[StudentId]
      FROM [Payments] AS [p]
      WHERE [p].[Status] = N'Pending' AND [p].[ExternalReferenceId] IS NOT NULL
info: ECashier.Jobs.PaymentStatusCheckJob[0]
      Found 0 pending payments to check
info: ECashier.Jobs.PaymentStatusCheckJob[0]
      PaymentStatusCheckJob completed at 09/25/2026 05:40:33
info: ECashier.Jobs.PaymentStatusCheckJob[0]
      PaymentStatusCheckJob started at 09/25/2026 05:41:03
info: Microsoft.EntityFrameworkCore.Database.Command[20101]
      Executed DbCommand (8ms) [Parameters=[], CommandType='Text', CommandTimeout='30']
      SELECT [p].[Id], [p].[Amount], [p].[CreatedAt], [p].[Description], [p].[ExternalReferenceId], [p].[FeeStructureId], [p].[PaidAt], [p].[PaymentType], [p].[Status], [p].[StudentId]
      FROM [Payments] AS [p]
      WHERE [p].[Status] = N'Pending' AND [p].[ExternalReferenceId] IS NOT NULL
info: ECashier.Jobs.PaymentStatusCheckJob[0]
      Found 0 pending payments to check
info: ECashier.Jobs.PaymentStatusCheckJob[0]
      PaymentStatusCheckJob completed at 09/25/2026 05:41:03
info: ECashier.Jobs.PaymentStatusCheckJob[0]
      PaymentStatusCheckJob started at 09/25/2026 05:41:33
info: Microsoft.EntityFrameworkCore.Database.Command[20101]
      Executed DbCommand (66ms) [Parameters=[], CommandType='Text', CommandTimeout='30']
      SELECT [p].[Id], [p].[Amount], [p].[CreatedAt], [p].[Description], [p].[ExternalReferenceId], [p].[FeeStructureId], [p].[PaidAt], [p].[PaymentType], [p].[Status], [p].[StudentId]
      FROM [Payments] AS [p]
      WHERE [p].[Status] = N'Pending' AND [p].[ExternalReferenceId] IS NOT NULL
info: ECashier.Jobs.PaymentStatusCheckJob[0]
      Found 0 pending payments to check
info: ECashier.Jobs.PaymentStatusCheckJob[0]
      PaymentStatusCheckJob completed at 09/25/2026 05:41:33
info: ECashier.Jobs.PaymentStatusCheckJob[0]
      PaymentStatusCheckJob started at 09/25/2026 05:42:03
info: Microsoft.EntityFrameworkCore.Database.Command[20101]
      Executed DbCommand (19ms) [Parameters=[], CommandType='Text', CommandTimeout='30']
      SELECT [p].[Id], [p].[Amount], [p].[CreatedAt], [p].[Description], [p].[ExternalReferenceId], [p].[FeeStructureId], [p].[PaidAt], [p].[PaymentType], [p].[Status], [p].[StudentId]
      FROM [Payments] AS [p]
      WHERE [p].[Status] = N'Pending' AND [p].[ExternalReferenceId] IS NOT NULL
info: ECashier.Jobs.PaymentStatusCheckJob[0]
      Found 0 pending payments to check
info: ECashier.Jobs.PaymentStatusCheckJob[0]
      PaymentStatusCheckJob completed at 09/25/2026 05:42:03
info: ECashier.Jobs.PaymentStatusCheckJob[0]
      PaymentStatusCheckJob started at 09/25/2026 05:42:33
info: Microsoft.EntityFrameworkCore.Database.Command[20101]
      Executed DbCommand (7ms) [Parameters=[], CommandType='Text', CommandTimeout='30']
      SELECT [p].[Id], [p].[Amount], [p].[CreatedAt], [p].[Description], [p].[ExternalReferenceId], [p].[FeeStructureId], [p].[PaidAt], [p].[PaymentType], [p].[Status], [p].[StudentId]
      FROM [Payments] AS [p]
      WHERE [p].[Status] = N'Pending' AND [p].[ExternalReferenceId] IS NOT NULL
info: ECashier.Jobs.PaymentStatusCheckJob[0]
      Found 0 pending payments to check
info: ECashier.Jobs.PaymentStatusCheckJob[0]
      PaymentStatusCheckJob completed at 09/25/2026 05:42:33
info: ECashier.Jobs.PaymentStatusCheckJob[0]
      PaymentStatusCheckJob started at 09/25/2026 05:43:03
info: Microsoft.EntityFrameworkCore.Database.Command[20101]
      Executed DbCommand (10ms) [Parameters=[], CommandType='Text', CommandTimeout='30']
      SELECT [p].[Id], [p].[Amount], [p].[CreatedAt], [p].[Description], [p].[ExternalReferenceId], [p].[FeeStructureId], [p].[PaidAt], [p].[PaymentType], [p].[Status], [p].[StudentId]
      FROM [Payments] AS [p]
      WHERE [p].[Status] = N'Pending' AND [p].[ExternalReferenceId] IS NOT NULL
info: ECashier.Jobs.PaymentStatusCheckJob[0]
      Found 0 pending payments to check
info: ECashier.Jobs.PaymentStatusCheckJob[0]
      PaymentStatusCheckJob completed at 09/25/2026 05:43:03
info: ECashier.Jobs.PaymentStatusCheckJob[0]
      PaymentStatusCheckJob started at 09/25/2026 05:43:33
info: Microsoft.EntityFrameworkCore.Database.Command[20101]
      Executed DbCommand (30ms) [Parameters=[], CommandType='Text', CommandTimeout='30']
      SELECT [p].[Id], [p].[Amount], [p].[CreatedAt], [p].[Description], [p].[ExternalReferenceId], [p].[FeeStructureId], [p].[PaidAt], [p].[PaymentType], [p].[Status], [p].[StudentId]
      FROM [Payments] AS [p]
      WHERE [p].[Status] = N'Pending' AND [p].[ExternalReferenceId] IS NOT NULL
info: ECashier.Jobs.PaymentStatusCheckJob[0]
      Found 0 pending payments to check
info: ECashier.Jobs.PaymentStatusCheckJob[0]
      PaymentStatusCheckJob completed at 09/25/2026 05:43:33
info: ECashier.Jobs.PaymentStatusCheckJob[0]
      PaymentStatusCheckJob started at 09/25/2026 05:44:03
info: Microsoft.EntityFrameworkCore.Database.Command[20101]
      Executed DbCommand (1ms) [Parameters=[], CommandType='Text', CommandTimeout='30']
      SELECT [p].[Id], [p].[Amount], [p].[CreatedAt], [p].[Description], [p].[ExternalReferenceId], [p].[FeeStructureId], [p].[PaidAt], [p].[PaymentType], [p].[Status], [p].[StudentId]
      FROM [Payments] AS [p]
      WHERE [p].[Status] = N'Pending' AND [p].[ExternalReferenceId] IS NOT NULL
info: ECashier.Jobs.PaymentStatusCheckJob[0]
      Found 0 pending payments to check
info: ECashier.Jobs.PaymentStatusCheckJob[0]
      PaymentStatusCheckJob completed at 09/25/2026 05:44:03
info: ECashier.Jobs.PaymentStatusCheckJob[0]
      PaymentStatusCheckJob started at 09/25/2026 05:44:33
info: Microsoft.EntityFrameworkCore.Database.Command[20101]
      Executed DbCommand (6ms) [Parameters=[], CommandType='Text', CommandTimeout='30']
      SELECT [p].[Id], [p].[Amount], [p].[CreatedAt], [p].[Description], [p].[ExternalReferenceId], [p].[FeeStructureId], [p].[PaidAt], [p].[PaymentType], [p].[Status], [p].[StudentId]
      FROM [Payments] AS [p]
      WHERE [p].[Status] = N'Pending' AND [p].[ExternalReferenceId] IS NOT NULL
info: ECashier.Jobs.PaymentStatusCheckJob[0]
      Found 0 pending payments to check
info: ECashier.Jobs.PaymentStatusCheckJob[0]
      PaymentStatusCheckJob completed at 09/25/2026 05:44:33
info: ECashier.Jobs.AbandonedPaymentJob[0]
      AbandonedPaymentJob started at 09/25/2026 05:45:00
info: Microsoft.EntityFrameworkCore.Database.Command[20101]
      Executed DbCommand (5ms) [Parameters=[@__cutoffTime_0='?' (DbType = DateTime2)], CommandType='Text', CommandTimeout='30']
      SELECT [p].[Id], [p].[Amount], [p].[CreatedAt], [p].[Description], [p].[ExternalReferenceId], [p].[FeeStructureId], [p].[PaidAt], [p].[PaymentType], [p].[Status], [p].[StudentId]
      FROM [Payments] AS [p]
      WHERE [p].[Status] = N'Pending' AND [p].[CreatedAt] < @__cutoffTime_0
info: ECashier.Jobs.AbandonedPaymentJob[0]
      Found 0 abandoned payments
info: ECashier.Jobs.AbandonedPaymentJob[0]
      AbandonedPaymentJob completed at 09/25/2026 05:45:00
info: ECashier.Jobs.PaymentStatusCheckJob[0]
      PaymentStatusCheckJob started at 09/25/2026 05:45:03
info: Microsoft.EntityFrameworkCore.Database.Command[20101]
      Executed DbCommand (1ms) [Parameters=[], CommandType='Text', CommandTimeout='30']
      SELECT [p].[Id], [p].[Amount], [p].[CreatedAt], [p].[Description], [p].[ExternalReferenceId], [p].[FeeStructureId], [p].[PaidAt], [p].[PaymentType], [p].[Status], [p].[StudentId]
      FROM [Payments] AS [p]
      WHERE [p].[Status] = N'Pending' AND [p].[ExternalReferenceId] IS NOT NULL
info: ECashier.Jobs.PaymentStatusCheckJob[0]
      Found 0 pending payments to check
info: ECashier.Jobs.PaymentStatusCheckJob[0]
      PaymentStatusCheckJob completed at 09/25/2026 05:45:03
info: ECashier.Jobs.PaymentStatusCheckJob[0]
      PaymentStatusCheckJob started at 09/25/2026 05:45:33
info: Microsoft.EntityFrameworkCore.Database.Command[20101]
      Executed DbCommand (21ms) [Parameters=[], CommandType='Text', CommandTimeout='30']
      SELECT [p].[Id], [p].[Amount], [p].[CreatedAt], [p].[Description], [p].[ExternalReferenceId], [p].[FeeStructureId], [p].[PaidAt], [p].[PaymentType], [p].[Status], [p].[StudentId]
      FROM [Payments] AS [p]
      WHERE [p].[Status] = N'Pending' AND [p].[ExternalReferenceId] IS NOT NULL
info: ECashier.Jobs.PaymentStatusCheckJob[0]
      Found 0 pending payments to check
info: ECashier.Jobs.PaymentStatusCheckJob[0]
      PaymentStatusCheckJob completed at 09/25/2026 05:45:33
info: ECashier.Jobs.PaymentStatusCheckJob[0]
      PaymentStatusCheckJob started at 09/25/2026 05:46:03
info: Microsoft.EntityFrameworkCore.Database.Command[20101]
      Executed DbCommand (23ms) [Parameters=[], CommandType='Text', CommandTimeout='30']
      SELECT [p].[Id], [p].[Amount], [p].[CreatedAt], [p].[Description], [p].[ExternalReferenceId], [p].[FeeStructureId], [p].[PaidAt], [p].[PaymentType], [p].[Status], [p].[StudentId]
      FROM [Payments] AS [p]
      WHERE [p].[Status] = N'Pending' AND [p].[ExternalReferenceId] IS NOT NULL
info: ECashier.Jobs.PaymentStatusCheckJob[0]
      Found 0 pending payments to check
info: ECashier.Jobs.PaymentStatusCheckJob[0]
      PaymentStatusCheckJob completed at 09/25/2026 05:46:03
info: ECashier.Jobs.PaymentStatusCheckJob[0]
      PaymentStatusCheckJob started at 09/25/2026 05:46:33
info: Microsoft.EntityFrameworkCore.Database.Command[20101]
      Executed DbCommand (12ms) [Parameters=[], CommandType='Text', CommandTimeout='30']
      SELECT [p].[Id], [p].[Amount], [p].[CreatedAt], [p].[Description], [p].[ExternalReferenceId], [p].[FeeStructureId], [p].[PaidAt], [p].[PaymentType], [p].[Status], [p].[StudentId]
      FROM [Payments] AS [p]
      WHERE [p].[Status] = N'Pending' AND [p].[ExternalReferenceId] IS NOT NULL
info: ECashier.Jobs.PaymentStatusCheckJob[0]
      Found 0 pending payments to check
info: ECashier.Jobs.PaymentStatusCheckJob[0]
      PaymentStatusCheckJob completed at 09/25/2026 05:46:33
info: ECashier.Jobs.PaymentStatusCheckJob[0]
      PaymentStatusCheckJob started at 09/25/2026 05:47:03
info: Microsoft.EntityFrameworkCore.Database.Command[20101]
      Executed DbCommand (25ms) [Parameters=[], CommandType='Text', CommandTimeout='30']
      SELECT [p].[Id], [p].[Amount], [p].[CreatedAt], [p].[Description], [p].[ExternalReferenceId], [p].[FeeStructureId], [p].[PaidAt], [p].[PaymentType], [p].[Status], [p].[StudentId]
      FROM [Payments] AS [p]
      WHERE [p].[Status] = N'Pending' AND [p].[ExternalReferenceId] IS NOT NULL
info: ECashier.Jobs.PaymentStatusCheckJob[0]
      Found 0 pending payments to check
info: ECashier.Jobs.PaymentStatusCheckJob[0]
      PaymentStatusCheckJob completed at 09/25/2026 05:47:03
info: ECashier.Jobs.PaymentStatusCheckJob[0]
      PaymentStatusCheckJob started at 09/25/2026 05:47:33
info: Microsoft.EntityFrameworkCore.Database.Command[20101]
      Executed DbCommand (7ms) [Parameters=[], CommandType='Text', CommandTimeout='30']
      SELECT [p].[Id], [p].[Amount], [p].[CreatedAt], [p].[Description], [p].[ExternalReferenceId], [p].[FeeStructureId], [p].[PaidAt], [p].[PaymentType], [p].[Status], [p].[StudentId]
      FROM [Payments] AS [p]
      WHERE [p].[Status] = N'Pending' AND [p].[ExternalReferenceId] IS NOT NULL
info: ECashier.Jobs.PaymentStatusCheckJob[0]
      Found 0 pending payments to check
info: ECashier.Jobs.PaymentStatusCheckJob[0]
      PaymentStatusCheckJob completed at 09/25/2026 05:47:33
info: ECashier.Jobs.PaymentStatusCheckJob[0]
      PaymentStatusCheckJob started at 09/25/2026 05:48:03
info: Microsoft.EntityFrameworkCore.Database.Command[20101]
      Executed DbCommand (6ms) [Parameters=[], CommandType='Text', CommandTimeout='30']
      SELECT [p].[Id], [p].[Amount], [p].[CreatedAt], [p].[Description], [p].[ExternalReferenceId], [p].[FeeStructureId], [p].[PaidAt], [p].[PaymentType], [p].[Status], [p].[StudentId]
      FROM [Payments] AS [p]
      WHERE [p].[Status] = N'Pending' AND [p].[ExternalReferenceId] IS NOT NULL
info: ECashier.Jobs.PaymentStatusCheckJob[0]
      Found 0 pending payments to check
info: ECashier.Jobs.PaymentStatusCheckJob[0]
      PaymentStatusCheckJob completed at 09/25/2026 05:48:03
info: ECashier.Jobs.PaymentStatusCheckJob[0]
      PaymentStatusCheckJob started at 09/25/2026 05:48:33
info: Microsoft.EntityFrameworkCore.Database.Command[20101]
      Executed DbCommand (22ms) [Parameters=[], CommandType='Text', CommandTimeout='30']
      SELECT [p].[Id], [p].[Amount], [p].[CreatedAt], [p].[Description], [p].[ExternalReferenceId], [p].[FeeStructureId], [p].[PaidAt], [p].[PaymentType], [p].[Status], [p].[StudentId]
      FROM [Payments] AS [p]
      WHERE [p].[Status] = N'Pending' AND [p].[ExternalReferenceId] IS NOT NULL
info: ECashier.Jobs.PaymentStatusCheckJob[0]
      Found 0 pending payments to check
info: ECashier.Jobs.PaymentStatusCheckJob[0]
      PaymentStatusCheckJob completed at 09/25/2026 05:48:33
info: ECashier.Jobs.PaymentStatusCheckJob[0]
      PaymentStatusCheckJob started at 09/25/2026 05:49:03
info: Microsoft.EntityFrameworkCore.Database.Command[20101]
      Executed DbCommand (6ms) [Parameters=[], CommandType='Text', CommandTimeout='30']
      SELECT [p].[Id], [p].[Amount], [p].[CreatedAt], [p].[Description], [p].[ExternalReferenceId], [p].[FeeStructureId], [p].[PaidAt], [p].[PaymentType], [p].[Status], [p].[StudentId]
      FROM [Payments] AS [p]
      WHERE [p].[Status] = N'Pending' AND [p].[ExternalReferenceId] IS NOT NULL
info: ECashier.Jobs.PaymentStatusCheckJob[0]
      Found 0 pending payments to check
info: ECashier.Jobs.PaymentStatusCheckJob[0]
      PaymentStatusCheckJob completed at 09/25/2026 05:49:03
info: ECashier.Jobs.PaymentStatusCheckJob[0]
      PaymentStatusCheckJob started at 09/25/2026 05:49:33
info: Microsoft.EntityFrameworkCore.Database.Command[20101]
      Executed DbCommand (1ms) [Parameters=[], CommandType='Text', CommandTimeout='30']
      SELECT [p].[Id], [p].[Amount], [p].[CreatedAt], [p].[Description], [p].[ExternalReferenceId], [p].[FeeStructureId], [p].[PaidAt], [p].[PaymentType], [p].[Status], [p].[StudentId]
      FROM [Payments] AS [p]
      WHERE [p].[Status] = N'Pending' AND [p].[ExternalReferenceId] IS NOT NULL
info: ECashier.Jobs.PaymentStatusCheckJob[0]
      Found 0 pending payments to check
info: ECashier.Jobs.PaymentStatusCheckJob[0]
      PaymentStatusCheckJob completed at 09/25/2026 05:49:33
info: ECashier.Jobs.AbandonedPaymentJob[0]
      AbandonedPaymentJob started at 09/25/2026 05:50:00
info: Microsoft.EntityFrameworkCore.Database.Command[20101]
      Executed DbCommand (8ms) [Parameters=[@__cutoffTime_0='?' (DbType = DateTime2)], CommandType='Text', CommandTimeout='30']
      SELECT [p].[Id], [p].[Amount], [p].[CreatedAt], [p].[Description], [p].[ExternalReferenceId], [p].[FeeStructureId], [p].[PaidAt], [p].[PaymentType], [p].[Status], [p].[StudentId]
      FROM [Payments] AS [p]
      WHERE [p].[Status] = N'Pending' AND [p].[CreatedAt] < @__cutoffTime_0
info: ECashier.Jobs.AbandonedPaymentJob[0]
      Found 0 abandoned payments
info: ECashier.Jobs.AbandonedPaymentJob[0]
      AbandonedPaymentJob completed at 09/25/2026 05:50:00
info: ECashier.Jobs.PaymentStatusCheckJob[0]
      PaymentStatusCheckJob started at 09/25/2026 05:50:03
info: Microsoft.EntityFrameworkCore.Database.Command[20101]
      Executed DbCommand (4ms) [Parameters=[], CommandType='Text', CommandTimeout='30']
      SELECT [p].[Id], [p].[Amount], [p].[CreatedAt], [p].[Description], [p].[ExternalReferenceId], [p].[FeeStructureId], [p].[PaidAt], [p].[PaymentType], [p].[Status], [p].[StudentId]
      FROM [Payments] AS [p]
      WHERE [p].[Status] = N'Pending' AND [p].[ExternalReferenceId] IS NOT NULL
info: ECashier.Jobs.PaymentStatusCheckJob[0]
      Found 0 pending payments to check
info: ECashier.Jobs.PaymentStatusCheckJob[0]
      PaymentStatusCheckJob completed at 09/25/2026 05:50:03
info: ECashier.Jobs.PaymentStatusCheckJob[0]
      PaymentStatusCheckJob started at 09/25/2026 05:50:33
info: Microsoft.EntityFrameworkCore.Database.Command[20101]
      Executed DbCommand (1ms) [Parameters=[], CommandType='Text', CommandTimeout='30']
      SELECT [p].[Id], [p].[Amount], [p].[CreatedAt], [p].[Description], [p].[ExternalReferenceId], [p].[FeeStructureId], [p].[PaidAt], [p].[PaymentType], [p].[Status], [p].[StudentId]
      FROM [Payments] AS [p]
      WHERE [p].[Status] = N'Pending' AND [p].[ExternalReferenceId] IS NOT NULL
info: ECashier.Jobs.PaymentStatusCheckJob[0]
      Found 0 pending payments to check
info: ECashier.Jobs.PaymentStatusCheckJob[0]
      PaymentStatusCheckJob completed at 09/25/2026 05:50:33
info: ECashier.Jobs.PaymentStatusCheckJob[0]
      PaymentStatusCheckJob started at 09/25/2026 05:51:03
info: Microsoft.EntityFrameworkCore.Database.Command[20101]
      Executed DbCommand (5ms) [Parameters=[], CommandType='Text', CommandTimeout='30']
      SELECT [p].[Id], [p].[Amount], [p].[CreatedAt], [p].[Description], [p].[ExternalReferenceId], [p].[FeeStructureId], [p].[PaidAt], [p].[PaymentType], [p].[Status], [p].[StudentId]
      FROM [Payments] AS [p]
      WHERE [p].[Status] = N'Pending' AND [p].[ExternalReferenceId] IS NOT NULL
info: ECashier.Jobs.PaymentStatusCheckJob[0]
      Found 0 pending payments to check
info: ECashier.Jobs.PaymentStatusCheckJob[0]
      PaymentStatusCheckJob completed at 09/25/2026 05:51:03
info: ECashier.Jobs.PaymentStatusCheckJob[0]
      PaymentStatusCheckJob started at 09/25/2026 05:51:33
info: Microsoft.EntityFrameworkCore.Database.Command[20101]
      Executed DbCommand (10ms) [Parameters=[], CommandType='Text', CommandTimeout='30']
      SELECT [p].[Id], [p].[Amount], [p].[CreatedAt], [p].[Description], [p].[ExternalReferenceId], [p].[FeeStructureId], [p].[PaidAt], [p].[PaymentType], [p].[Status], [p].[StudentId]
      FROM [Payments] AS [p]
      WHERE [p].[Status] = N'Pending' AND [p].[ExternalReferenceId] IS NOT NULL
info: ECashier.Jobs.PaymentStatusCheckJob[0]
      Found 0 pending payments to check
info: ECashier.Jobs.PaymentStatusCheckJob[0]
      PaymentStatusCheckJob completed at 09/25/2026 05:51:33
info: ECashier.Jobs.PaymentStatusCheckJob[0]
      PaymentStatusCheckJob started at 09/25/2026 05:52:03
info: Microsoft.EntityFrameworkCore.Database.Command[20101]
      Executed DbCommand (6ms) [Parameters=[], CommandType='Text', CommandTimeout='30']
      SELECT [p].[Id], [p].[Amount], [p].[CreatedAt], [p].[Description], [p].[ExternalReferenceId], [p].[FeeStructureId], [p].[PaidAt], [p].[PaymentType], [p].[Status], [p].[StudentId]
      FROM [Payments] AS [p]
      WHERE [p].[Status] = N'Pending' AND [p].[ExternalReferenceId] IS NOT NULL
info: ECashier.Jobs.PaymentStatusCheckJob[0]
      Found 0 pending payments to check
info: ECashier.Jobs.PaymentStatusCheckJob[0]
      PaymentStatusCheckJob completed at 09/25/2026 05:52:03
info: ECashier.Jobs.PaymentStatusCheckJob[0]
      PaymentStatusCheckJob started at 09/25/2026 05:52:33
info: Microsoft.EntityFrameworkCore.Database.Command[20101]
      Executed DbCommand (9ms) [Parameters=[], CommandType='Text', CommandTimeout='30']
      SELECT [p].[Id], [p].[Amount], [p].[CreatedAt], [p].[Description], [p].[ExternalReferenceId], [p].[FeeStructureId], [p].[PaidAt], [p].[PaymentType], [p].[Status], [p].[StudentId]
      FROM [Payments] AS [p]
      WHERE [p].[Status] = N'Pending' AND [p].[ExternalReferenceId] IS NOT NULL
info: ECashier.Jobs.PaymentStatusCheckJob[0]
      Found 0 pending payments to check
info: ECashier.Jobs.PaymentStatusCheckJob[0]
      PaymentStatusCheckJob completed at 09/25/2026 05:52:33
info: ECashier.Jobs.PaymentStatusCheckJob[0]
      PaymentStatusCheckJob started at 09/25/2026 05:53:03
info: Microsoft.EntityFrameworkCore.Database.Command[20101]
      Executed DbCommand (8ms) [Parameters=[], CommandType='Text', CommandTimeout='30']
      SELECT [p].[Id], [p].[Amount], [p].[CreatedAt], [p].[Description], [p].[ExternalReferenceId], [p].[FeeStructureId], [p].[PaidAt], [p].[PaymentType], [p].[Status], [p].[StudentId]
      FROM [Payments] AS [p]
      WHERE [p].[Status] = N'Pending' AND [p].[ExternalReferenceId] IS NOT NULL
info: ECashier.Jobs.PaymentStatusCheckJob[0]
      Found 0 pending payments to check
info: ECashier.Jobs.PaymentStatusCheckJob[0]
      PaymentStatusCheckJob completed at 09/25/2026 05:53:03
info: Microsoft.EntityFrameworkCore.Database.Command[20101]
      Executed DbCommand (5ms) [Parameters=[@__p_0='?' (DbType = Int32)], CommandType='Text', CommandTimeout='30']
      SELECT TOP(1) [s].[Id], [s].[Address], [s].[Course], [s].[CreatedAt], [s].[Email], [s].[FullName], [s].[MustChangePassword], [s].[PasswordHash], [s].[Role], [s].[StudentNumber], [s].[YearLevel]
      FROM [Students] AS [s]
      WHERE [s].[Id] = @__p_0
info: Microsoft.EntityFrameworkCore.Database.Command[20101]
      Executed DbCommand (1ms) [Parameters=[@__p_0='?' (DbType = Int32)], CommandType='Text', CommandTimeout='30']
      SELECT TOP(1) [s].[Id], [s].[Address], [s].[Course], [s].[CreatedAt], [s].[Email], [s].[FullName], [s].[MustChangePassword], [s].[PasswordHash], [s].[Role], [s].[StudentNumber], [s].[YearLevel]
      FROM [Students] AS [s]
      WHERE [s].[Id] = @__p_0
info: ECashier.Jobs.PaymentStatusCheckJob[0]
      PaymentStatusCheckJob started at 09/25/2026 05:53:33
info: Microsoft.EntityFrameworkCore.Database.Command[20101]
      Executed DbCommand (4ms) [Parameters=[], CommandType='Text', CommandTimeout='30']
      SELECT [p].[Id], [p].[Amount], [p].[CreatedAt], [p].[Description], [p].[ExternalReferenceId], [p].[FeeStructureId], [p].[PaidAt], [p].[PaymentType], [p].[Status], [p].[StudentId]
      FROM [Payments] AS [p]
      WHERE [p].[Status] = N'Pending' AND [p].[ExternalReferenceId] IS NOT NULL
info: ECashier.Jobs.PaymentStatusCheckJob[0]
      Found 0 pending payments to check
info: ECashier.Jobs.PaymentStatusCheckJob[0]
      PaymentStatusCheckJob completed at 09/25/2026 05:53:33
info: ECashier.Jobs.PaymentStatusCheckJob[0]
      PaymentStatusCheckJob started at 09/25/2026 05:54:03
info: Microsoft.EntityFrameworkCore.Database.Command[20101]
      Executed DbCommand (1ms) [Parameters=[], CommandType='Text', CommandTimeout='30']
      SELECT [p].[Id], [p].[Amount], [p].[CreatedAt], [p].[Description], [p].[ExternalReferenceId], [p].[FeeStructureId], [p].[PaidAt], [p].[PaymentType], [p].[Status], [p].[StudentId]
      FROM [Payments] AS [p]
      WHERE [p].[Status] = N'Pending' AND [p].[ExternalReferenceId] IS NOT NULL
info: ECashier.Jobs.PaymentStatusCheckJob[0]
      Found 0 pending payments to check
info: ECashier.Jobs.PaymentStatusCheckJob[0]
      PaymentStatusCheckJob completed at 09/25/2026 05:54:03
info: ECashier.Jobs.PaymentStatusCheckJob[0]
      PaymentStatusCheckJob started at 09/25/2026 05:54:33
info: Microsoft.EntityFrameworkCore.Database.Command[20101]
      Executed DbCommand (6ms) [Parameters=[], CommandType='Text', CommandTimeout='30']
      SELECT [p].[Id], [p].[Amount], [p].[CreatedAt], [p].[Description], [p].[ExternalReferenceId], [p].[FeeStructureId], [p].[PaidAt], [p].[PaymentType], [p].[Status], [p].[StudentId]
      FROM [Payments] AS [p]
      WHERE [p].[Status] = N'Pending' AND [p].[ExternalReferenceId] IS NOT NULL
info: ECashier.Jobs.PaymentStatusCheckJob[0]
      Found 0 pending payments to check
info: ECashier.Jobs.PaymentStatusCheckJob[0]
      PaymentStatusCheckJob completed at 09/25/2026 05:54:33
info: ECashier.Jobs.AbandonedPaymentJob[0]
      AbandonedPaymentJob started at 09/25/2026 05:55:00
info: Microsoft.EntityFrameworkCore.Database.Command[20101]
      Executed DbCommand (4ms) [Parameters=[@__cutoffTime_0='?' (DbType = DateTime2)], CommandType='Text', CommandTimeout='30']
      SELECT [p].[Id], [p].[Amount], [p].[CreatedAt], [p].[Description], [p].[ExternalReferenceId], [p].[FeeStructureId], [p].[PaidAt], [p].[PaymentType], [p].[Status], [p].[StudentId]
      FROM [Payments] AS [p]
      WHERE [p].[Status] = N'Pending' AND [p].[CreatedAt] < @__cutoffTime_0
info: ECashier.Jobs.AbandonedPaymentJob[0]
      Found 0 abandoned payments
info: ECashier.Jobs.AbandonedPaymentJob[0]
      AbandonedPaymentJob completed at 09/25/2026 05:55:00
info: ECashier.Jobs.PaymentStatusCheckJob[0]
      PaymentStatusCheckJob started at 09/25/2026 05:55:03
info: Microsoft.EntityFrameworkCore.Database.Command[20101]
      Executed DbCommand (17ms) [Parameters=[], CommandType='Text', CommandTimeout='30']
      SELECT [p].[Id], [p].[Amount], [p].[CreatedAt], [p].[Description], [p].[ExternalReferenceId], [p].[FeeStructureId], [p].[PaidAt], [p].[PaymentType], [p].[Status], [p].[StudentId]
      FROM [Payments] AS [p]
      WHERE [p].[Status] = N'Pending' AND [p].[ExternalReferenceId] IS NOT NULL
info: ECashier.Jobs.PaymentStatusCheckJob[0]
      Found 0 pending payments to check
info: ECashier.Jobs.PaymentStatusCheckJob[0]
      PaymentStatusCheckJob completed at 09/25/2026 05:55:03
info: ECashier.Jobs.PaymentStatusCheckJob[0]
      PaymentStatusCheckJob started at 09/25/2026 05:55:33
info: Microsoft.EntityFrameworkCore.Database.Command[20101]
      Executed DbCommand (7ms) [Parameters=[], CommandType='Text', CommandTimeout='30']
      SELECT [p].[Id], [p].[Amount], [p].[CreatedAt], [p].[Description], [p].[ExternalReferenceId], [p].[FeeStructureId], [p].[PaidAt], [p].[PaymentType], [p].[Status], [p].[StudentId]
      FROM [Payments] AS [p]
      WHERE [p].[Status] = N'Pending' AND [p].[ExternalReferenceId] IS NOT NULL
info: ECashier.Jobs.PaymentStatusCheckJob[0]
      Found 0 pending payments to check
info: ECashier.Jobs.PaymentStatusCheckJob[0]
      PaymentStatusCheckJob completed at 09/25/2026 05:55:33
info: ECashier.Jobs.PaymentStatusCheckJob[0]
      PaymentStatusCheckJob started at 09/25/2026 05:56:03
info: Microsoft.EntityFrameworkCore.Database.Command[20101]
      Executed DbCommand (5ms) [Parameters=[], CommandType='Text', CommandTimeout='30']
      SELECT [p].[Id], [p].[Amount], [p].[CreatedAt], [p].[Description], [p].[ExternalReferenceId], [p].[FeeStructureId], [p].[PaidAt], [p].[PaymentType], [p].[Status], [p].[StudentId]
      FROM [Payments] AS [p]
      WHERE [p].[Status] = N'Pending' AND [p].[ExternalReferenceId] IS NOT NULL
info: ECashier.Jobs.PaymentStatusCheckJob[0]
      Found 0 pending payments to check
info: ECashier.Jobs.PaymentStatusCheckJob[0]
      PaymentStatusCheckJob completed at 09/25/2026 05:56:03
info: ECashier.Jobs.PaymentStatusCheckJob[0]
      PaymentStatusCheckJob started at 09/25/2026 05:56:33
info: Microsoft.EntityFrameworkCore.Database.Command[20101]
      Executed DbCommand (5ms) [Parameters=[], CommandType='Text', CommandTimeout='30']
      SELECT [p].[Id], [p].[Amount], [p].[CreatedAt], [p].[Description], [p].[ExternalReferenceId], [p].[FeeStructureId], [p].[PaidAt], [p].[PaymentType], [p].[Status], [p].[StudentId]
      FROM [Payments] AS [p]
      WHERE [p].[Status] = N'Pending' AND [p].[ExternalReferenceId] IS NOT NULL
info: ECashier.Jobs.PaymentStatusCheckJob[0]
      Found 0 pending payments to check
info: ECashier.Jobs.PaymentStatusCheckJob[0]
      PaymentStatusCheckJob completed at 09/25/2026 05:56:33
info: ECashier.Jobs.PaymentStatusCheckJob[0]
      PaymentStatusCheckJob started at 09/25/2026 05:57:03
info: Microsoft.EntityFrameworkCore.Database.Command[20101]
      Executed DbCommand (6ms) [Parameters=[], CommandType='Text', CommandTimeout='30']
      SELECT [p].[Id], [p].[Amount], [p].[CreatedAt], [p].[Description], [p].[ExternalReferenceId], [p].[FeeStructureId], [p].[PaidAt], [p].[PaymentType], [p].[Status], [p].[StudentId]
      FROM [Payments] AS [p]
      WHERE [p].[Status] = N'Pending' AND [p].[ExternalReferenceId] IS NOT NULL
info: ECashier.Jobs.PaymentStatusCheckJob[0]
      Found 0 pending payments to check
info: ECashier.Jobs.PaymentStatusCheckJob[0]
      PaymentStatusCheckJob completed at 09/25/2026 05:57:03
info: ECashier.Jobs.PaymentStatusCheckJob[0]
      PaymentStatusCheckJob started at 09/25/2026 05:57:33
info: Microsoft.EntityFrameworkCore.Database.Command[20101]
      Executed DbCommand (6ms) [Parameters=[], CommandType='Text', CommandTimeout='30']
      SELECT [p].[Id], [p].[Amount], [p].[CreatedAt], [p].[Description], [p].[ExternalReferenceId], [p].[FeeStructureId], [p].[PaidAt], [p].[PaymentType], [p].[Status], [p].[StudentId]
      FROM [Payments] AS [p]
      WHERE [p].[Status] = N'Pending' AND [p].[ExternalReferenceId] IS NOT NULL
info: ECashier.Jobs.PaymentStatusCheckJob[0]
      Found 0 pending payments to check
info: ECashier.Jobs.PaymentStatusCheckJob[0]
      PaymentStatusCheckJob completed at 09/25/2026 05:57:33
info: ECashier.Jobs.PaymentStatusCheckJob[0]
      PaymentStatusCheckJob started at 09/25/2026 05:58:03
info: Microsoft.EntityFrameworkCore.Database.Command[20101]
      Executed DbCommand (27ms) [Parameters=[], CommandType='Text', CommandTimeout='30']
      SELECT [p].[Id], [p].[Amount], [p].[CreatedAt], [p].[Description], [p].[ExternalReferenceId], [p].[FeeStructureId], [p].[PaidAt], [p].[PaymentType], [p].[Status], [p].[StudentId]
      FROM [Payments] AS [p]
      WHERE [p].[Status] = N'Pending' AND [p].[ExternalReferenceId] IS NOT NULL
info: ECashier.Jobs.PaymentStatusCheckJob[0]
      Found 0 pending payments to check
info: ECashier.Jobs.PaymentStatusCheckJob[0]
      PaymentStatusCheckJob completed at 09/25/2026 05:58:03
info: ECashier.Jobs.PaymentStatusCheckJob[0]
      PaymentStatusCheckJob started at 09/25/2026 05:58:33
info: Microsoft.EntityFrameworkCore.Database.Command[20101]
      Executed DbCommand (20ms) [Parameters=[], CommandType='Text', CommandTimeout='30']
      SELECT [p].[Id], [p].[Amount], [p].[CreatedAt], [p].[Description], [p].[ExternalReferenceId], [p].[FeeStructureId], [p].[PaidAt], [p].[PaymentType], [p].[Status], [p].[StudentId]
      FROM [Payments] AS [p]
      WHERE [p].[Status] = N'Pending' AND [p].[ExternalReferenceId] IS NOT NULL
info: ECashier.Jobs.PaymentStatusCheckJob[0]
      Found 0 pending payments to check
info: ECashier.Jobs.PaymentStatusCheckJob[0]
      PaymentStatusCheckJob completed at 09/25/2026 05:58:33
info: ECashier.Jobs.PaymentStatusCheckJob[0]
      PaymentStatusCheckJob started at 09/25/2026 05:59:03
info: Microsoft.EntityFrameworkCore.Database.Command[20101]
      Executed DbCommand (7ms) [Parameters=[], CommandType='Text', CommandTimeout='30']
      SELECT [p].[Id], [p].[Amount], [p].[CreatedAt], [p].[Description], [p].[ExternalReferenceId], [p].[FeeStructureId], [p].[PaidAt], [p].[PaymentType], [p].[Status], [p].[StudentId]
      FROM [Payments] AS [p]
      WHERE [p].[Status] = N'Pending' AND [p].[ExternalReferenceId] IS NOT NULL
info: ECashier.Jobs.PaymentStatusCheckJob[0]
      Found 0 pending payments to check
info: ECashier.Jobs.PaymentStatusCheckJob[0]
      PaymentStatusCheckJob completed at 09/25/2026 05:59:03
info: ECashier.Jobs.PaymentStatusCheckJob[0]
      PaymentStatusCheckJob started at 09/25/2026 05:59:33
info: Microsoft.EntityFrameworkCore.Database.Command[20101]
      Executed DbCommand (42ms) [Parameters=[], CommandType='Text', CommandTimeout='30']
      SELECT [p].[Id], [p].[Amount], [p].[CreatedAt], [p].[Description], [p].[ExternalReferenceId], [p].[FeeStructureId], [p].[PaidAt], [p].[PaymentType], [p].[Status], [p].[StudentId]
      FROM [Payments] AS [p]
      WHERE [p].[Status] = N'Pending' AND [p].[ExternalReferenceId] IS NOT NULL
info: ECashier.Jobs.PaymentStatusCheckJob[0]
      Found 0 pending payments to check
info: ECashier.Jobs.PaymentStatusCheckJob[0]
      PaymentStatusCheckJob completed at 09/25/2026 05:59:33
info: ECashier.Jobs.AbandonedPaymentJob[0]
      AbandonedPaymentJob started at 09/25/2026 06:00:00
info: Microsoft.EntityFrameworkCore.Database.Command[20101]
      Executed DbCommand (7ms) [Parameters=[@__cutoffTime_0='?' (DbType = DateTime2)], CommandType='Text', CommandTimeout='30']
      SELECT [p].[Id], [p].[Amount], [p].[CreatedAt], [p].[Description], [p].[ExternalReferenceId], [p].[FeeStructureId], [p].[PaidAt], [p].[PaymentType], [p].[Status], [p].[StudentId]
      FROM [Payments] AS [p]
      WHERE [p].[Status] = N'Pending' AND [p].[CreatedAt] < @__cutoffTime_0
info: ECashier.Jobs.AbandonedPaymentJob[0]
      Found 0 abandoned payments
info: ECashier.Jobs.AbandonedPaymentJob[0]
      AbandonedPaymentJob completed at 09/25/2026 06:00:00
info: ECashier.Jobs.PaymentStatusCheckJob[0]
      PaymentStatusCheckJob started at 09/25/2026 06:00:03
info: Microsoft.EntityFrameworkCore.Database.Command[20101]
      Executed DbCommand (21ms) [Parameters=[], CommandType='Text', CommandTimeout='30']
      SELECT [p].[Id], [p].[Amount], [p].[CreatedAt], [p].[Description], [p].[ExternalReferenceId], [p].[FeeStructureId], [p].[PaidAt], [p].[PaymentType], [p].[Status], [p].[StudentId]
      FROM [Payments] AS [p]
      WHERE [p].[Status] = N'Pending' AND [p].[ExternalReferenceId] IS NOT NULL
info: ECashier.Jobs.PaymentStatusCheckJob[0]
      Found 0 pending payments to check
info: ECashier.Jobs.PaymentStatusCheckJob[0]
      PaymentStatusCheckJob completed at 09/25/2026 06:00:03
info: ECashier.Jobs.PaymentStatusCheckJob[0]
      PaymentStatusCheckJob started at 09/25/2026 06:00:33
info: Microsoft.EntityFrameworkCore.Database.Command[20101]
      Executed DbCommand (15ms) [Parameters=[], CommandType='Text', CommandTimeout='30']
      SELECT [p].[Id], [p].[Amount], [p].[CreatedAt], [p].[Description], [p].[ExternalReferenceId], [p].[FeeStructureId], [p].[PaidAt], [p].[PaymentType], [p].[Status], [p].[StudentId]
      FROM [Payments] AS [p]
      WHERE [p].[Status] = N'Pending' AND [p].[ExternalReferenceId] IS NOT NULL
info: ECashier.Jobs.PaymentStatusCheckJob[0]
      Found 0 pending payments to check
info: ECashier.Jobs.PaymentStatusCheckJob[0]
      PaymentStatusCheckJob completed at 09/25/2026 06:00:33
info: ECashier.Jobs.PaymentStatusCheckJob[0]
      PaymentStatusCheckJob started at 09/25/2026 06:01:03
info: Microsoft.EntityFrameworkCore.Database.Command[20101]
      Executed DbCommand (6ms) [Parameters=[], CommandType='Text', CommandTimeout='30']
      SELECT [p].[Id], [p].[Amount], [p].[CreatedAt], [p].[Description], [p].[ExternalReferenceId], [p].[FeeStructureId], [p].[PaidAt], [p].[PaymentType], [p].[Status], [p].[StudentId]
      FROM [Payments] AS [p]
      WHERE [p].[Status] = N'Pending' AND [p].[ExternalReferenceId] IS NOT NULL
info: ECashier.Jobs.PaymentStatusCheckJob[0]
      Found 0 pending payments to check
info: ECashier.Jobs.PaymentStatusCheckJob[0]
      PaymentStatusCheckJob completed at 09/25/2026 06:01:03
info: ECashier.Jobs.PaymentStatusCheckJob[0]
      PaymentStatusCheckJob started at 09/25/2026 06:01:33
info: Microsoft.EntityFrameworkCore.Database.Command[20101]
      Executed DbCommand (6ms) [Parameters=[], CommandType='Text', CommandTimeout='30']
      SELECT [p].[Id], [p].[Amount], [p].[CreatedAt], [p].[Description], [p].[ExternalReferenceId], [p].[FeeStructureId], [p].[PaidAt], [p].[PaymentType], [p].[Status], [p].[StudentId]
      FROM [Payments] AS [p]
      WHERE [p].[Status] = N'Pending' AND [p].[ExternalReferenceId] IS NOT NULL
info: ECashier.Jobs.PaymentStatusCheckJob[0]
      Found 0 pending payments to check
info: ECashier.Jobs.PaymentStatusCheckJob[0]
      PaymentStatusCheckJob completed at 09/25/2026 06:01:33
info: ECashier.Jobs.PaymentStatusCheckJob[0]
      PaymentStatusCheckJob started at 09/25/2026 06:02:03
info: Microsoft.EntityFrameworkCore.Database.Command[20101]
      Executed DbCommand (5ms) [Parameters=[], CommandType='Text', CommandTimeout='30']
      SELECT [p].[Id], [p].[Amount], [p].[CreatedAt], [p].[Description], [p].[ExternalReferenceId], [p].[FeeStructureId], [p].[PaidAt], [p].[PaymentType], [p].[Status], [p].[StudentId]
      FROM [Payments] AS [p]
      WHERE [p].[Status] = N'Pending' AND [p].[ExternalReferenceId] IS NOT NULL
info: ECashier.Jobs.PaymentStatusCheckJob[0]
      Found 0 pending payments to check
info: ECashier.Jobs.PaymentStatusCheckJob[0]
      PaymentStatusCheckJob completed at 09/25/2026 06:02:03
info: Microsoft.EntityFrameworkCore.Database.Command[20101]
      Executed DbCommand (16ms) [Parameters=[@__userId_0='?' (DbType = Int32)], CommandType='Text', CommandTimeout='30']
      SELECT [f].[Id], [f].[CreatedAt], [f].[DueDate], [f].[FeeType], [f].[PaidAmount], [f].[Semester], [f].[Status], [f].[StudentId], [f].[TotalAmount], [p].[Id], [p].[Amount], [p].[FeeStructureId], [p].[IsPaid], [p].[PaidAt], [p].[PeriodName]
      FROM [FeeStructures] AS [f]
      LEFT JOIN [PaymentPeriods] AS [p] ON [f].[Id] = [p].[FeeStructureId]
      WHERE [f].[StudentId] = @__userId_0
      ORDER BY [f].[Id]
info: Microsoft.EntityFrameworkCore.Database.Command[20101]
      Executed DbCommand (2ms) [Parameters=[@__userId_0='?' (DbType = Int32)], CommandType='Text', CommandTimeout='30']
      SELECT [f].[Id], [f].[CreatedAt], [f].[DueDate], [f].[FeeType], [f].[PaidAmount], [f].[Semester], [f].[Status], [f].[StudentId], [f].[TotalAmount], [p].[Id], [p].[Amount], [p].[FeeStructureId], [p].[IsPaid], [p].[PaidAt], [p].[PeriodName]
      FROM [FeeStructures] AS [f]
      LEFT JOIN [PaymentPeriods] AS [p] ON [f].[Id] = [p].[FeeStructureId]
      WHERE [f].[StudentId] = @__userId_0
      ORDER BY [f].[Id]
info: Microsoft.EntityFrameworkCore.Database.Command[20101]
      Executed DbCommand (1ms) [Parameters=[@__userId_0='?' (DbType = Int32)], CommandType='Text', CommandTimeout='30']
      SELECT [f].[Id], [f].[CreatedAt], [f].[DueDate], [f].[FeeType], [f].[PaidAmount], [f].[Semester], [f].[Status], [f].[StudentId], [f].[TotalAmount], [p].[Id], [p].[Amount], [p].[FeeStructureId], [p].[IsPaid], [p].[PaidAt], [p].[PeriodName]
      FROM [FeeStructures] AS [f]
      LEFT JOIN [PaymentPeriods] AS [p] ON [f].[Id] = [p].[FeeStructureId]
      WHERE [f].[StudentId] = @__userId_0
      ORDER BY [f].[Id]
info: Microsoft.EntityFrameworkCore.Database.Command[20101]
      Executed DbCommand (1ms) [Parameters=[@__userId_0='?' (DbType = Int32)], CommandType='Text', CommandTimeout='30']
      SELECT [f].[Id], [f].[CreatedAt], [f].[DueDate], [f].[FeeType], [f].[PaidAmount], [f].[Semester], [f].[Status], [f].[StudentId], [f].[TotalAmount], [p].[Id], [p].[Amount], [p].[FeeStructureId], [p].[IsPaid], [p].[PaidAt], [p].[PeriodName]
      FROM [FeeStructures] AS [f]
      LEFT JOIN [PaymentPeriods] AS [p] ON [f].[Id] = [p].[FeeStructureId]
      WHERE [f].[StudentId] = @__userId_0
      ORDER BY [f].[Id]
info: ECashier.Jobs.PaymentStatusCheckJob[0]
      PaymentStatusCheckJob started at 09/25/2026 06:02:33
info: Microsoft.EntityFrameworkCore.Database.Command[20101]
      Executed DbCommand (5ms) [Parameters=[], CommandType='Text', CommandTimeout='30']
      SELECT [p].[Id], [p].[Amount], [p].[CreatedAt], [p].[Description], [p].[ExternalReferenceId], [p].[FeeStructureId], [p].[PaidAt], [p].[PaymentType], [p].[Status], [p].[StudentId]
      FROM [Payments] AS [p]
      WHERE [p].[Status] = N'Pending' AND [p].[ExternalReferenceId] IS NOT NULL
info: ECashier.Jobs.PaymentStatusCheckJob[0]
      Found 0 pending payments to check
info: ECashier.Jobs.PaymentStatusCheckJob[0]
      PaymentStatusCheckJob completed at 09/25/2026 06:02:33
info: Microsoft.EntityFrameworkCore.Database.Command[20101]
      Executed DbCommand (6ms) [Parameters=[@__studentId_0='?' (DbType = Int32)], CommandType='Text', CommandTimeout='30']
      SELECT [p].[Id], [p].[Amount], [p].[CreatedAt], [p].[Description], [p].[ExternalReferenceId], [p].[FeeStructureId], [p].[PaidAt], [p].[PaymentType], [p].[Status], [p].[StudentId]
      FROM [Payments] AS [p]
      WHERE [p].[StudentId] = @__studentId_0
      ORDER BY [p].[CreatedAt] DESC
info: Microsoft.EntityFrameworkCore.Database.Command[20101]
      Executed DbCommand (1ms) [Parameters=[@__studentId_0='?' (DbType = Int32)], CommandType='Text', CommandTimeout='30']
      SELECT [p].[Id], [p].[Amount], [p].[CreatedAt], [p].[Description], [p].[ExternalReferenceId], [p].[FeeStructureId], [p].[PaidAt], [p].[PaymentType], [p].[Status], [p].[StudentId]
      FROM [Payments] AS [p]
      WHERE [p].[StudentId] = @__studentId_0
      ORDER BY [p].[CreatedAt] DESC
info: Microsoft.EntityFrameworkCore.Database.Command[20101]
      Executed DbCommand (4ms) [Parameters=[@__p_0='?' (DbType = Int32)], CommandType='Text', CommandTimeout='30']
      SELECT TOP(1) [s].[Id], [s].[Address], [s].[Course], [s].[CreatedAt], [s].[Email], [s].[FullName], [s].[MustChangePassword], [s].[PasswordHash], [s].[Role], [s].[StudentNumber], [s].[YearLevel]
      FROM [Students] AS [s]
      WHERE [s].[Id] = @__p_0
info: Microsoft.EntityFrameworkCore.Database.Command[20101]
      Executed DbCommand (3ms) [Parameters=[@__p_0='?' (DbType = Int32)], CommandType='Text', CommandTimeout='30']
      SELECT TOP(1) [s].[Id], [s].[Address], [s].[Course], [s].[CreatedAt], [s].[Email], [s].[FullName], [s].[MustChangePassword], [s].[PasswordHash], [s].[Role], [s].[StudentNumber], [s].[YearLevel]
      FROM [Students] AS [s]
      WHERE [s].[Id] = @__p_0
info: Microsoft.EntityFrameworkCore.Database.Command[20101]
      Executed DbCommand (3ms) [Parameters=[@__studentId_0='?' (DbType = Int32)], CommandType='Text', CommandTimeout='30']
      SELECT [p].[Id], [p].[Amount], [p].[CreatedAt], [p].[Description], [p].[ExternalReferenceId], [p].[FeeStructureId], [p].[PaidAt], [p].[PaymentType], [p].[Status], [p].[StudentId]
      FROM [Payments] AS [p]
      WHERE [p].[StudentId] = @__studentId_0
      ORDER BY [p].[CreatedAt] DESC
info: Microsoft.EntityFrameworkCore.Database.Command[20101]
      Executed DbCommand (5ms) [Parameters=[@__studentId_0='?' (DbType = Int32)], CommandType='Text', CommandTimeout='30']
      SELECT [p].[Id], [p].[Amount], [p].[CreatedAt], [p].[Description], [p].[ExternalReferenceId], [p].[FeeStructureId], [p].[PaidAt], [p].[PaymentType], [p].[Status], [p].[StudentId]
      FROM [Payments] AS [p]
      WHERE [p].[StudentId] = @__studentId_0
      ORDER BY [p].[CreatedAt] DESC
info: Microsoft.EntityFrameworkCore.Database.Command[20101]
      Executed DbCommand (1ms) [Parameters=[@__userId_0='?' (DbType = Int32)], CommandType='Text', CommandTimeout='30']
      SELECT [f].[Id], [f].[CreatedAt], [f].[DueDate], [f].[FeeType], [f].[PaidAmount], [f].[Semester], [f].[Status], [f].[StudentId], [f].[TotalAmount], [p].[Id], [p].[Amount], [p].[FeeStructureId], [p].[IsPaid], [p].[PaidAt], [p].[PeriodName]
      FROM [FeeStructures] AS [f]
      LEFT JOIN [PaymentPeriods] AS [p] ON [f].[Id] = [p].[FeeStructureId]
      WHERE [f].[StudentId] = @__userId_0
      ORDER BY [f].[Id]
info: Microsoft.EntityFrameworkCore.Database.Command[20101]
      Executed DbCommand (1ms) [Parameters=[@__userId_0='?' (DbType = Int32)], CommandType='Text', CommandTimeout='30']
      SELECT [f].[Id], [f].[CreatedAt], [f].[DueDate], [f].[FeeType], [f].[PaidAmount], [f].[Semester], [f].[Status], [f].[StudentId], [f].[TotalAmount], [p].[Id], [p].[Amount], [p].[FeeStructureId], [p].[IsPaid], [p].[PaidAt], [p].[PeriodName]
      FROM [FeeStructures] AS [f]
      LEFT JOIN [PaymentPeriods] AS [p] ON [f].[Id] = [p].[FeeStructureId]
      WHERE [f].[StudentId] = @__userId_0
      ORDER BY [f].[Id]
info: Microsoft.EntityFrameworkCore.Database.Command[20101]
      Executed DbCommand (2ms) [Parameters=[@__userId_0='?' (DbType = Int32)], CommandType='Text', CommandTimeout='30']
      SELECT [f].[Id], [f].[CreatedAt], [f].[DueDate], [f].[FeeType], [f].[PaidAmount], [f].[Semester], [f].[Status], [f].[StudentId], [f].[TotalAmount], [p].[Id], [p].[Amount], [p].[FeeStructureId], [p].[IsPaid], [p].[PaidAt], [p].[PeriodName]
      FROM [FeeStructures] AS [f]
      LEFT JOIN [PaymentPeriods] AS [p] ON [f].[Id] = [p].[FeeStructureId]
      WHERE [f].[StudentId] = @__userId_0
      ORDER BY [f].[Id]
info: Microsoft.EntityFrameworkCore.Database.Command[20101]
      Executed DbCommand (1ms) [Parameters=[@__userId_0='?' (DbType = Int32)], CommandType='Text', CommandTimeout='30']
      SELECT [f].[Id], [f].[CreatedAt], [f].[DueDate], [f].[FeeType], [f].[PaidAmount], [f].[Semester], [f].[Status], [f].[StudentId], [f].[TotalAmount], [p].[Id], [p].[Amount], [p].[FeeStructureId], [p].[IsPaid], [p].[PaidAt], [p].[PeriodName]
      FROM [FeeStructures] AS [f]
      LEFT JOIN [PaymentPeriods] AS [p] ON [f].[Id] = [p].[FeeStructureId]
      WHERE [f].[StudentId] = @__userId_0
      ORDER BY [f].[Id]
info: Microsoft.EntityFrameworkCore.Database.Command[20101]
      Executed DbCommand (6ms) [Parameters=[], CommandType='Text', CommandTimeout='30']
      SELECT [p].[Id], [p].[StudentId], [s].[FullName] AS [StudentName], [s].[StudentNumber], [p].[PaymentType], [p].[Amount], [p].[Status], [p].[CreatedAt], [p].[PaidAt], [p].[Description], [p].[ExternalReferenceId]
      FROM [Payments] AS [p]
      INNER JOIN [Students] AS [s] ON [p].[StudentId] = [s].[Id]
      ORDER BY [p].[CreatedAt] DESC
info: Microsoft.EntityFrameworkCore.Database.Command[20101]
      Executed DbCommand (3ms) [Parameters=[], CommandType='Text', CommandTimeout='30']
      SELECT [p].[Id], [p].[StudentId], [s].[FullName] AS [StudentName], [s].[StudentNumber], [p].[PaymentType], [p].[Amount], [p].[Status], [p].[CreatedAt], [p].[PaidAt], [p].[Description], [p].[ExternalReferenceId]
      FROM [Payments] AS [p]
      INNER JOIN [Students] AS [s] ON [p].[StudentId] = [s].[Id]
      ORDER BY [p].[CreatedAt] DESC
info: Microsoft.EntityFrameworkCore.Database.Command[20101]
      Executed DbCommand (24ms) [Parameters=[], CommandType='Text', CommandTimeout='30']
      SELECT [s].[Id], [s].[StudentNumber], [s].[FullName], [s].[Email], [s].[Role], [s].[Address], [s].[Course], [s].[YearLevel], [s].[CreatedAt], (
          SELECT COUNT(*)
          FROM [FeeStructures] AS [f]
          WHERE [s].[Id] = [f].[StudentId]) AS [TuitionRecords], (
          SELECT COUNT(*)
          FROM [Payments] AS [p]
          WHERE [s].[Id] = [p].[StudentId] AND [p].[Status] = N'Success') AS [PaidPayments], (
          SELECT COALESCE(SUM([p0].[Amount]), 0.0)
          FROM [Payments] AS [p0]
          WHERE [s].[Id] = [p0].[StudentId] AND [p0].[Status] = N'Success') AS [TotalPaid]
      FROM [Students] AS [s]
info: Microsoft.EntityFrameworkCore.Database.Command[20101]
      Executed DbCommand (1ms) [Parameters=[], CommandType='Text', CommandTimeout='30']
      SELECT [s].[Id], [s].[StudentNumber], [s].[FullName], [s].[Email], [s].[Role], [s].[Address], [s].[Course], [s].[YearLevel], [s].[CreatedAt], (
          SELECT COUNT(*)
          FROM [FeeStructures] AS [f]
          WHERE [s].[Id] = [f].[StudentId]) AS [TuitionRecords], (
          SELECT COUNT(*)
          FROM [Payments] AS [p]
          WHERE [s].[Id] = [p].[StudentId] AND [p].[Status] = N'Success') AS [PaidPayments], (
          SELECT COALESCE(SUM([p0].[Amount]), 0.0)
          FROM [Payments] AS [p0]
          WHERE [s].[Id] = [p0].[StudentId] AND [p0].[Status] = N'Success') AS [TotalPaid]
      FROM [Students] AS [s]
info: Microsoft.EntityFrameworkCore.Database.Command[20101]
      Executed DbCommand (1ms) [Parameters=[], CommandType='Text', CommandTimeout='30']
      SELECT [p].[Id], [p].[StudentId], [s].[FullName] AS [StudentName], [s].[StudentNumber], [p].[PaymentType], [p].[Amount], [p].[Status], [p].[CreatedAt], [p].[PaidAt], [p].[Description], [p].[ExternalReferenceId]
      FROM [Payments] AS [p]
      INNER JOIN [Students] AS [s] ON [p].[StudentId] = [s].[Id]
      ORDER BY [p].[CreatedAt] DESC
info: Microsoft.EntityFrameworkCore.Database.Command[20101]
      Executed DbCommand (1ms) [Parameters=[], CommandType='Text', CommandTimeout='30']
      SELECT [p].[Id], [p].[StudentId], [s].[FullName] AS [StudentName], [s].[StudentNumber], [p].[PaymentType], [p].[Amount], [p].[Status], [p].[CreatedAt], [p].[PaidAt], [p].[Description], [p].[ExternalReferenceId]
      FROM [Payments] AS [p]
      INNER JOIN [Students] AS [s] ON [p].[StudentId] = [s].[Id]
      ORDER BY [p].[CreatedAt] DESC
info: Microsoft.EntityFrameworkCore.Database.Command[20101]
      Executed DbCommand (1ms) [Parameters=[], CommandType='Text', CommandTimeout='30']
      SELECT [p].[Id], [p].[StudentId], [s].[FullName] AS [StudentName], [s].[StudentNumber], [p].[PaymentType], [p].[Amount], [p].[Status], [p].[CreatedAt], [p].[PaidAt], [p].[Description], [p].[ExternalReferenceId]
      FROM [Payments] AS [p]
      INNER JOIN [Students] AS [s] ON [p].[StudentId] = [s].[Id]
      ORDER BY [p].[CreatedAt] DESC
info: Microsoft.EntityFrameworkCore.Database.Command[20101]
      Executed DbCommand (1ms) [Parameters=[], CommandType='Text', CommandTimeout='30']
      SELECT [p].[Id], [p].[StudentId], [s].[FullName] AS [StudentName], [s].[StudentNumber], [p].[PaymentType], [p].[Amount], [p].[Status], [p].[CreatedAt], [p].[PaidAt], [p].[Description], [p].[ExternalReferenceId]
      FROM [Payments] AS [p]
      INNER JOIN [Students] AS [s] ON [p].[StudentId] = [s].[Id]
      ORDER BY [p].[CreatedAt] DESC
info: Microsoft.EntityFrameworkCore.Database.Command[20101]
      Executed DbCommand (1ms) [Parameters=[], CommandType='Text', CommandTimeout='30']
      SELECT [s].[Id], [s].[StudentNumber], [s].[FullName], [s].[Email], [s].[Role], [s].[Address], [s].[Course], [s].[YearLevel], [s].[CreatedAt], (
          SELECT COUNT(*)
          FROM [FeeStructures] AS [f]
          WHERE [s].[Id] = [f].[StudentId]) AS [TuitionRecords], (
          SELECT COUNT(*)
          FROM [Payments] AS [p]
          WHERE [s].[Id] = [p].[StudentId] AND [p].[Status] = N'Success') AS [PaidPayments], (
          SELECT COALESCE(SUM([p0].[Amount]), 0.0)
          FROM [Payments] AS [p0]
          WHERE [s].[Id] = [p0].[StudentId] AND [p0].[Status] = N'Success') AS [TotalPaid]
      FROM [Students] AS [s]
info: Microsoft.EntityFrameworkCore.Database.Command[20101]
      Executed DbCommand (1ms) [Parameters=[], CommandType='Text', CommandTimeout='30']
      SELECT [s].[Id], [s].[StudentNumber], [s].[FullName], [s].[Email], [s].[Role], [s].[Address], [s].[Course], [s].[YearLevel], [s].[CreatedAt], (
          SELECT COUNT(*)
          FROM [FeeStructures] AS [f]
          WHERE [s].[Id] = [f].[StudentId]) AS [TuitionRecords], (
          SELECT COUNT(*)
          FROM [Payments] AS [p]
          WHERE [s].[Id] = [p].[StudentId] AND [p].[Status] = N'Success') AS [PaidPayments], (
          SELECT COALESCE(SUM([p0].[Amount]), 0.0)
          FROM [Payments] AS [p0]
          WHERE [s].[Id] = [p0].[StudentId] AND [p0].[Status] = N'Success') AS [TotalPaid]
      FROM [Students] AS [s]
info: ECashier.Jobs.PaymentStatusCheckJob[0]
      PaymentStatusCheckJob started at 09/25/2026 06:03:03
info: Microsoft.EntityFrameworkCore.Database.Command[20101]
      Executed DbCommand (6ms) [Parameters=[], CommandType='Text', CommandTimeout='30']
      SELECT [p].[Id], [p].[Amount], [p].[CreatedAt], [p].[Description], [p].[ExternalReferenceId], [p].[FeeStructureId], [p].[PaidAt], [p].[PaymentType], [p].[Status], [p].[StudentId]
      FROM [Payments] AS [p]
      WHERE [p].[Status] = N'Pending' AND [p].[ExternalReferenceId] IS NOT NULL
info: ECashier.Jobs.PaymentStatusCheckJob[0]
      Found 0 pending payments to check
info: ECashier.Jobs.PaymentStatusCheckJob[0]
      PaymentStatusCheckJob completed at 09/25/2026 06:03:03
info: ECashier.Jobs.PaymentStatusCheckJob[0]
      PaymentStatusCheckJob started at 09/25/2026 06:03:33
info: Microsoft.EntityFrameworkCore.Database.Command[20101]
      Executed DbCommand (5ms) [Parameters=[], CommandType='Text', CommandTimeout='30']
      SELECT [p].[Id], [p].[Amount], [p].[CreatedAt], [p].[Description], [p].[ExternalReferenceId], [p].[FeeStructureId], [p].[PaidAt], [p].[PaymentType], [p].[Status], [p].[StudentId]
      FROM [Payments] AS [p]
      WHERE [p].[Status] = N'Pending' AND [p].[ExternalReferenceId] IS NOT NULL
info: ECashier.Jobs.PaymentStatusCheckJob[0]
      Found 0 pending payments to check
info: ECashier.Jobs.PaymentStatusCheckJob[0]
      PaymentStatusCheckJob completed at 09/25/2026 06:03:33
info: ECashier.Jobs.PaymentStatusCheckJob[0]
      PaymentStatusCheckJob started at 09/25/2026 06:04:03
info: Microsoft.EntityFrameworkCore.Database.Command[20101]
      Executed DbCommand (5ms) [Parameters=[], CommandType='Text', CommandTimeout='30']
      SELECT [p].[Id], [p].[Amount], [p].[CreatedAt], [p].[Description], [p].[ExternalReferenceId], [p].[FeeStructureId], [p].[PaidAt], [p].[PaymentType], [p].[Status], [p].[StudentId]
      FROM [Payments] AS [p]
      WHERE [p].[Status] = N'Pending' AND [p].[ExternalReferenceId] IS NOT NULL
info: ECashier.Jobs.PaymentStatusCheckJob[0]
      Found 0 pending payments to check
info: ECashier.Jobs.PaymentStatusCheckJob[0]
      PaymentStatusCheckJob completed at 09/25/2026 06:04:03
info: ECashier.Jobs.PaymentStatusCheckJob[0]
      PaymentStatusCheckJob started at 09/25/2026 06:04:33
info: Microsoft.EntityFrameworkCore.Database.Command[20101]
      Executed DbCommand (17ms) [Parameters=[], CommandType='Text', CommandTimeout='30']
      SELECT [p].[Id], [p].[Amount], [p].[CreatedAt], [p].[Description], [p].[ExternalReferenceId], [p].[FeeStructureId], [p].[PaidAt], [p].[PaymentType], [p].[Status], [p].[StudentId]
      FROM [Payments] AS [p]
      WHERE [p].[Status] = N'Pending' AND [p].[ExternalReferenceId] IS NOT NULL
info: ECashier.Jobs.PaymentStatusCheckJob[0]
      Found 0 pending payments to check
info: ECashier.Jobs.PaymentStatusCheckJob[0]
      PaymentStatusCheckJob completed at 09/25/2026 06:04:33
info: ECashier.Jobs.AbandonedPaymentJob[0]
      AbandonedPaymentJob started at 09/25/2026 06:05:00
info: Microsoft.EntityFrameworkCore.Database.Command[20101]
      Executed DbCommand (4ms) [Parameters=[@__cutoffTime_0='?' (DbType = DateTime2)], CommandType='Text', CommandTimeout='30']
      SELECT [p].[Id], [p].[Amount], [p].[CreatedAt], [p].[Description], [p].[ExternalReferenceId], [p].[FeeStructureId], [p].[PaidAt], [p].[PaymentType], [p].[Status], [p].[StudentId]
      FROM [Payments] AS [p]
      WHERE [p].[Status] = N'Pending' AND [p].[CreatedAt] < @__cutoffTime_0
info: ECashier.Jobs.AbandonedPaymentJob[0]
      Found 0 abandoned payments
info: ECashier.Jobs.AbandonedPaymentJob[0]
      AbandonedPaymentJob completed at 09/25/2026 06:05:00
info: ECashier.Jobs.PaymentStatusCheckJob[0]
      PaymentStatusCheckJob started at 09/25/2026 06:05:03
info: Microsoft.EntityFrameworkCore.Database.Command[20101]
      Executed DbCommand (1ms) [Parameters=[], CommandType='Text', CommandTimeout='30']
      SELECT [p].[Id], [p].[Amount], [p].[CreatedAt], [p].[Description], [p].[ExternalReferenceId], [p].[FeeStructureId], [p].[PaidAt], [p].[PaymentType], [p].[Status], [p].[StudentId]
      FROM [Payments] AS [p]
      WHERE [p].[Status] = N'Pending' AND [p].[ExternalReferenceId] IS NOT NULL
info: ECashier.Jobs.PaymentStatusCheckJob[0]
      Found 0 pending payments to check
info: ECashier.Jobs.PaymentStatusCheckJob[0]
      PaymentStatusCheckJob completed at 09/25/2026 06:05:03
info: ECashier.Jobs.PaymentStatusCheckJob[0]
      PaymentStatusCheckJob started at 09/25/2026 06:05:33
info: Microsoft.EntityFrameworkCore.Database.Command[20101]
      Executed DbCommand (7ms) [Parameters=[], CommandType='Text', CommandTimeout='30']
      SELECT [p].[Id], [p].[Amount], [p].[CreatedAt], [p].[Description], [p].[ExternalReferenceId], [p].[FeeStructureId], [p].[PaidAt], [p].[PaymentType], [p].[Status], [p].[StudentId]
      FROM [Payments] AS [p]
      WHERE [p].[Status] = N'Pending' AND [p].[ExternalReferenceId] IS NOT NULL
info: ECashier.Jobs.PaymentStatusCheckJob[0]
      Found 0 pending payments to check
info: ECashier.Jobs.PaymentStatusCheckJob[0]
      PaymentStatusCheckJob completed at 09/25/2026 06:05:33
info: ECashier.Jobs.PaymentStatusCheckJob[0]
      PaymentStatusCheckJob started at 09/25/2026 06:06:03
info: Microsoft.EntityFrameworkCore.Database.Command[20101]
      Executed DbCommand (1ms) [Parameters=[], CommandType='Text', CommandTimeout='30']
      SELECT [p].[Id], [p].[Amount], [p].[CreatedAt], [p].[Description], [p].[ExternalReferenceId], [p].[FeeStructureId], [p].[PaidAt], [p].[PaymentType], [p].[Status], [p].[StudentId]
      FROM [Payments] AS [p]
      WHERE [p].[Status] = N'Pending' AND [p].[ExternalReferenceId] IS NOT NULL
info: ECashier.Jobs.PaymentStatusCheckJob[0]
      Found 0 pending payments to check
info: ECashier.Jobs.PaymentStatusCheckJob[0]
      PaymentStatusCheckJob completed at 09/25/2026 06:06:03
info: ECashier.Jobs.PaymentStatusCheckJob[0]
      PaymentStatusCheckJob started at 09/25/2026 06:06:33
info: Microsoft.EntityFrameworkCore.Database.Command[20101]
      Executed DbCommand (7ms) [Parameters=[], CommandType='Text', CommandTimeout='30']
      SELECT [p].[Id], [p].[Amount], [p].[CreatedAt], [p].[Description], [p].[ExternalReferenceId], [p].[FeeStructureId], [p].[PaidAt], [p].[PaymentType], [p].[Status], [p].[StudentId]
      FROM [Payments] AS [p]
      WHERE [p].[Status] = N'Pending' AND [p].[ExternalReferenceId] IS NOT NULL
info: ECashier.Jobs.PaymentStatusCheckJob[0]
      Found 0 pending payments to check
info: ECashier.Jobs.PaymentStatusCheckJob[0]
      PaymentStatusCheckJob completed at 09/25/2026 06:06:33
info: ECashier.Jobs.PaymentStatusCheckJob[0]
      PaymentStatusCheckJob started at 09/25/2026 06:07:03
info: Microsoft.EntityFrameworkCore.Database.Command[20101]
      Executed DbCommand (6ms) [Parameters=[], CommandType='Text', CommandTimeout='30']
      SELECT [p].[Id], [p].[Amount], [p].[CreatedAt], [p].[Description], [p].[ExternalReferenceId], [p].[FeeStructureId], [p].[PaidAt], [p].[PaymentType], [p].[Status], [p].[StudentId]
      FROM [Payments] AS [p]
      WHERE [p].[Status] = N'Pending' AND [p].[ExternalReferenceId] IS NOT NULL
info: ECashier.Jobs.PaymentStatusCheckJob[0]
      Found 0 pending payments to check
info: ECashier.Jobs.PaymentStatusCheckJob[0]
      PaymentStatusCheckJob completed at 09/25/2026 06:07:03
info: ECashier.Jobs.PaymentStatusCheckJob[0]
      PaymentStatusCheckJob started at 09/25/2026 06:07:33
info: Microsoft.EntityFrameworkCore.Database.Command[20101]
      Executed DbCommand (5ms) [Parameters=[], CommandType='Text', CommandTimeout='30']
      SELECT [p].[Id], [p].[Amount], [p].[CreatedAt], [p].[Description], [p].[ExternalReferenceId], [p].[FeeStructureId], [p].[PaidAt], [p].[PaymentType], [p].[Status], [p].[StudentId]
      FROM [Payments] AS [p]
      WHERE [p].[Status] = N'Pending' AND [p].[ExternalReferenceId] IS NOT NULL
info: ECashier.Jobs.PaymentStatusCheckJob[0]
      Found 0 pending payments to check
info: ECashier.Jobs.PaymentStatusCheckJob[0]
      PaymentStatusCheckJob completed at 09/25/2026 06:07:33
info: ECashier.Jobs.PaymentStatusCheckJob[0]
      PaymentStatusCheckJob started at 09/25/2026 06:08:03
info: Microsoft.EntityFrameworkCore.Database.Command[20101]
      Executed DbCommand (17ms) [Parameters=[], CommandType='Text', CommandTimeout='30']
      SELECT [p].[Id], [p].[Amount], [p].[CreatedAt], [p].[Description], [p].[ExternalReferenceId], [p].[FeeStructureId], [p].[PaidAt], [p].[PaymentType], [p].[Status], [p].[StudentId]
      FROM [Payments] AS [p]
      WHERE [p].[Status] = N'Pending' AND [p].[ExternalReferenceId] IS NOT NULL
info: ECashier.Jobs.PaymentStatusCheckJob[0]
      Found 0 pending payments to check
info: ECashier.Jobs.PaymentStatusCheckJob[0]
      PaymentStatusCheckJob completed at 09/25/2026 06:08:03
info: ECashier.Jobs.PaymentStatusCheckJob[0]
      PaymentStatusCheckJob started at 09/25/2026 06:08:33
info: Microsoft.EntityFrameworkCore.Database.Command[20101]
      Executed DbCommand (6ms) [Parameters=[], CommandType='Text', CommandTimeout='30']
      SELECT [p].[Id], [p].[Amount], [p].[CreatedAt], [p].[Description], [p].[ExternalReferenceId], [p].[FeeStructureId], [p].[PaidAt], [p].[PaymentType], [p].[Status], [p].[StudentId]
      FROM [Payments] AS [p]
      WHERE [p].[Status] = N'Pending' AND [p].[ExternalReferenceId] IS NOT NULL
info: ECashier.Jobs.PaymentStatusCheckJob[0]
      Found 0 pending payments to check
info: ECashier.Jobs.PaymentStatusCheckJob[0]
      PaymentStatusCheckJob completed at 09/25/2026 06:08:33
info: ECashier.Jobs.PaymentStatusCheckJob[0]
      PaymentStatusCheckJob started at 09/25/2026 06:09:03
info: Microsoft.EntityFrameworkCore.Database.Command[20101]
      Executed DbCommand (5ms) [Parameters=[], CommandType='Text', CommandTimeout='30']
      SELECT [p].[Id], [p].[Amount], [p].[CreatedAt], [p].[Description], [p].[ExternalReferenceId], [p].[FeeStructureId], [p].[PaidAt], [p].[PaymentType], [p].[Status], [p].[StudentId]
      FROM [Payments] AS [p]
      WHERE [p].[Status] = N'Pending' AND [p].[ExternalReferenceId] IS NOT NULL
info: ECashier.Jobs.PaymentStatusCheckJob[0]
      Found 0 pending payments to check
info: ECashier.Jobs.PaymentStatusCheckJob[0]
      PaymentStatusCheckJob completed at 09/25/2026 06:09:03
info: ECashier.Jobs.PaymentStatusCheckJob[0]
      PaymentStatusCheckJob started at 09/25/2026 06:09:33
info: Microsoft.EntityFrameworkCore.Database.Command[20101]
      Executed DbCommand (8ms) [Parameters=[], CommandType='Text', CommandTimeout='30']
      SELECT [p].[Id], [p].[Amount], [p].[CreatedAt], [p].[Description], [p].[ExternalReferenceId], [p].[FeeStructureId], [p].[PaidAt], [p].[PaymentType], [p].[Status], [p].[StudentId]
      FROM [Payments] AS [p]
      WHERE [p].[Status] = N'Pending' AND [p].[ExternalReferenceId] IS NOT NULL
info: ECashier.Jobs.PaymentStatusCheckJob[0]
      Found 0 pending payments to check
info: ECashier.Jobs.PaymentStatusCheckJob[0]
      PaymentStatusCheckJob completed at 09/25/2026 06:09:33
info: ECashier.Jobs.AbandonedPaymentJob[0]
      AbandonedPaymentJob started at 09/25/2026 06:10:00
info: Microsoft.EntityFrameworkCore.Database.Command[20101]
      Executed DbCommand (5ms) [Parameters=[@__cutoffTime_0='?' (DbType = DateTime2)], CommandType='Text', CommandTimeout='30']
      SELECT [p].[Id], [p].[Amount], [p].[CreatedAt], [p].[Description], [p].[ExternalReferenceId], [p].[FeeStructureId], [p].[PaidAt], [p].[PaymentType], [p].[Status], [p].[StudentId]
      FROM [Payments] AS [p]
      WHERE [p].[Status] = N'Pending' AND [p].[CreatedAt] < @__cutoffTime_0
info: ECashier.Jobs.AbandonedPaymentJob[0]
      Found 0 abandoned payments
info: ECashier.Jobs.AbandonedPaymentJob[0]
      AbandonedPaymentJob completed at 09/25/2026 06:10:00
info: ECashier.Jobs.PaymentStatusCheckJob[0]
      PaymentStatusCheckJob started at 09/25/2026 06:10:03
info: Microsoft.EntityFrameworkCore.Database.Command[20101]
      Executed DbCommand (4ms) [Parameters=[], CommandType='Text', CommandTimeout='30']
      SELECT [p].[Id], [p].[Amount], [p].[CreatedAt], [p].[Description], [p].[ExternalReferenceId], [p].[FeeStructureId], [p].[PaidAt], [p].[PaymentType], [p].[Status], [p].[StudentId]
      FROM [Payments] AS [p]
      WHERE [p].[Status] = N'Pending' AND [p].[ExternalReferenceId] IS NOT NULL
info: ECashier.Jobs.PaymentStatusCheckJob[0]
      Found 0 pending payments to check
info: ECashier.Jobs.PaymentStatusCheckJob[0]
      PaymentStatusCheckJob completed at 09/25/2026 06:10:03
info: ECashier.Jobs.PaymentStatusCheckJob[0]
      PaymentStatusCheckJob started at 09/25/2026 06:10:33
info: Microsoft.EntityFrameworkCore.Database.Command[20101]
      Executed DbCommand (1ms) [Parameters=[], CommandType='Text', CommandTimeout='30']
      SELECT [p].[Id], [p].[Amount], [p].[CreatedAt], [p].[Description], [p].[ExternalReferenceId], [p].[FeeStructureId], [p].[PaidAt], [p].[PaymentType], [p].[Status], [p].[StudentId]
      FROM [Payments] AS [p]
      WHERE [p].[Status] = N'Pending' AND [p].[ExternalReferenceId] IS NOT NULL
info: ECashier.Jobs.PaymentStatusCheckJob[0]
      Found 0 pending payments to check
info: ECashier.Jobs.PaymentStatusCheckJob[0]
      PaymentStatusCheckJob completed at 09/25/2026 06:10:33
info: ECashier.Jobs.PaymentStatusCheckJob[0]
      PaymentStatusCheckJob started at 09/25/2026 06:11:03
info: Microsoft.EntityFrameworkCore.Database.Command[20101]
      Executed DbCommand (6ms) [Parameters=[], CommandType='Text', CommandTimeout='30']
      SELECT [p].[Id], [p].[Amount], [p].[CreatedAt], [p].[Description], [p].[ExternalReferenceId], [p].[FeeStructureId], [p].[PaidAt], [p].[PaymentType], [p].[Status], [p].[StudentId]
      FROM [Payments] AS [p]
      WHERE [p].[Status] = N'Pending' AND [p].[ExternalReferenceId] IS NOT NULL
info: ECashier.Jobs.PaymentStatusCheckJob[0]
      Found 0 pending payments to check
info: ECashier.Jobs.PaymentStatusCheckJob[0]
      PaymentStatusCheckJob completed at 09/25/2026 06:11:03
info: ECashier.Jobs.PaymentStatusCheckJob[0]
      PaymentStatusCheckJob started at 09/25/2026 06:11:33
info: Microsoft.EntityFrameworkCore.Database.Command[20101]
      Executed DbCommand (2ms) [Parameters=[], CommandType='Text', CommandTimeout='30']
      SELECT [p].[Id], [p].[Amount], [p].[CreatedAt], [p].[Description], [p].[ExternalReferenceId], [p].[FeeStructureId], [p].[PaidAt], [p].[PaymentType], [p].[Status], [p].[StudentId]
      FROM [Payments] AS [p]
      WHERE [p].[Status] = N'Pending' AND [p].[ExternalReferenceId] IS NOT NULL
info: ECashier.Jobs.PaymentStatusCheckJob[0]
      Found 0 pending payments to check
info: ECashier.Jobs.PaymentStatusCheckJob[0]
      PaymentStatusCheckJob completed at 09/25/2026 06:11:33
info: ECashier.Jobs.PaymentStatusCheckJob[0]
      PaymentStatusCheckJob started at 09/25/2026 06:12:03
info: Microsoft.EntityFrameworkCore.Database.Command[20101]
      Executed DbCommand (6ms) [Parameters=[], CommandType='Text', CommandTimeout='30']
      SELECT [p].[Id], [p].[Amount], [p].[CreatedAt], [p].[Description], [p].[ExternalReferenceId], [p].[FeeStructureId], [p].[PaidAt], [p].[PaymentType], [p].[Status], [p].[StudentId]
      FROM [Payments] AS [p]
      WHERE [p].[Status] = N'Pending' AND [p].[ExternalReferenceId] IS NOT NULL
info: ECashier.Jobs.PaymentStatusCheckJob[0]
      Found 0 pending payments to check
info: ECashier.Jobs.PaymentStatusCheckJob[0]
      PaymentStatusCheckJob completed at 09/25/2026 06:12:03
info: ECashier.Jobs.PaymentStatusCheckJob[0]
      PaymentStatusCheckJob started at 09/25/2026 06:12:33
info: Microsoft.EntityFrameworkCore.Database.Command[20101]
      Executed DbCommand (5ms) [Parameters=[], CommandType='Text', CommandTimeout='30']
      SELECT [p].[Id], [p].[Amount], [p].[CreatedAt], [p].[Description], [p].[ExternalReferenceId], [p].[FeeStructureId], [p].[PaidAt], [p].[PaymentType], [p].[Status], [p].[StudentId]
      FROM [Payments] AS [p]
      WHERE [p].[Status] = N'Pending' AND [p].[ExternalReferenceId] IS NOT NULL
info: ECashier.Jobs.PaymentStatusCheckJob[0]
      Found 0 pending payments to check
info: ECashier.Jobs.PaymentStatusCheckJob[0]
      PaymentStatusCheckJob completed at 09/25/2026 06:12:33
info: ECashier.Jobs.PaymentStatusCheckJob[0]
      PaymentStatusCheckJob started at 09/25/2026 06:13:03
info: Microsoft.EntityFrameworkCore.Database.Command[20101]
      Executed DbCommand (9ms) [Parameters=[], CommandType='Text', CommandTimeout='30']
      SELECT [p].[Id], [p].[Amount], [p].[CreatedAt], [p].[Description], [p].[ExternalReferenceId], [p].[FeeStructureId], [p].[PaidAt], [p].[PaymentType], [p].[Status], [p].[StudentId]
      FROM [Payments] AS [p]
      WHERE [p].[Status] = N'Pending' AND [p].[ExternalReferenceId] IS NOT NULL
info: ECashier.Jobs.PaymentStatusCheckJob[0]
      Found 0 pending payments to check
info: ECashier.Jobs.PaymentStatusCheckJob[0]
      PaymentStatusCheckJob completed at 09/25/2026 06:13:03
info: ECashier.Jobs.PaymentStatusCheckJob[0]
      PaymentStatusCheckJob started at 09/25/2026 06:13:33
info: Microsoft.EntityFrameworkCore.Database.Command[20101]
      Executed DbCommand (7ms) [Parameters=[], CommandType='Text', CommandTimeout='30']
      SELECT [p].[Id], [p].[Amount], [p].[CreatedAt], [p].[Description], [p].[ExternalReferenceId], [p].[FeeStructureId], [p].[PaidAt], [p].[PaymentType], [p].[Status], [p].[StudentId]
      FROM [Payments] AS [p]
      WHERE [p].[Status] = N'Pending' AND [p].[ExternalReferenceId] IS NOT NULL
info: ECashier.Jobs.PaymentStatusCheckJob[0]
      Found 0 pending payments to check
info: ECashier.Jobs.PaymentStatusCheckJob[0]
      PaymentStatusCheckJob completed at 09/25/2026 06:13:33
info: ECashier.Jobs.PaymentStatusCheckJob[0]
      PaymentStatusCheckJob started at 09/25/2026 06:14:03
info: Microsoft.EntityFrameworkCore.Database.Command[20101]
      Executed DbCommand (4ms) [Parameters=[], CommandType='Text', CommandTimeout='30']
      SELECT [p].[Id], [p].[Amount], [p].[CreatedAt], [p].[Description], [p].[ExternalReferenceId], [p].[FeeStructureId], [p].[PaidAt], [p].[PaymentType], [p].[Status], [p].[StudentId]
      FROM [Payments] AS [p]
      WHERE [p].[Status] = N'Pending' AND [p].[ExternalReferenceId] IS NOT NULL
info: ECashier.Jobs.PaymentStatusCheckJob[0]
      Found 0 pending payments to check
info: ECashier.Jobs.PaymentStatusCheckJob[0]
      PaymentStatusCheckJob completed at 09/25/2026 06:14:03
info: ECashier.Jobs.PaymentStatusCheckJob[0]
      PaymentStatusCheckJob started at 09/25/2026 06:14:33
info: Microsoft.EntityFrameworkCore.Database.Command[20101]
      Executed DbCommand (6ms) [Parameters=[], CommandType='Text', CommandTimeout='30']
      SELECT [p].[Id], [p].[Amount], [p].[CreatedAt], [p].[Description], [p].[ExternalReferenceId], [p].[FeeStructureId], [p].[PaidAt], [p].[PaymentType], [p].[Status], [p].[StudentId]
      FROM [Payments] AS [p]
      WHERE [p].[Status] = N'Pending' AND [p].[ExternalReferenceId] IS NOT NULL
info: ECashier.Jobs.PaymentStatusCheckJob[0]
      Found 0 pending payments to check
info: ECashier.Jobs.PaymentStatusCheckJob[0]
      PaymentStatusCheckJob completed at 09/25/2026 06:14:33
info: ECashier.Jobs.AbandonedPaymentJob[0]
      AbandonedPaymentJob started at 09/25/2026 06:15:00
info: Microsoft.EntityFrameworkCore.Database.Command[20101]
      Executed DbCommand (4ms) [Parameters=[@__cutoffTime_0='?' (DbType = DateTime2)], CommandType='Text', CommandTimeout='30']
      SELECT [p].[Id], [p].[Amount], [p].[CreatedAt], [p].[Description], [p].[ExternalReferenceId], [p].[FeeStructureId], [p].[PaidAt], [p].[PaymentType], [p].[Status], [p].[StudentId]
      FROM [Payments] AS [p]
      WHERE [p].[Status] = N'Pending' AND [p].[CreatedAt] < @__cutoffTime_0
info: ECashier.Jobs.AbandonedPaymentJob[0]
      Found 0 abandoned payments
info: ECashier.Jobs.AbandonedPaymentJob[0]
      AbandonedPaymentJob completed at 09/25/2026 06:15:00
info: ECashier.Jobs.PaymentStatusCheckJob[0]
      PaymentStatusCheckJob started at 09/25/2026 06:15:03
info: Microsoft.EntityFrameworkCore.Database.Command[20101]
      Executed DbCommand (13ms) [Parameters=[], CommandType='Text', CommandTimeout='30']
      SELECT [p].[Id], [p].[Amount], [p].[CreatedAt], [p].[Description], [p].[ExternalReferenceId], [p].[FeeStructureId], [p].[PaidAt], [p].[PaymentType], [p].[Status], [p].[StudentId]
      FROM [Payments] AS [p]
      WHERE [p].[Status] = N'Pending' AND [p].[ExternalReferenceId] IS NOT NULL
info: ECashier.Jobs.PaymentStatusCheckJob[0]
      Found 0 pending payments to check
info: ECashier.Jobs.PaymentStatusCheckJob[0]
      PaymentStatusCheckJob completed at 09/25/2026 06:15:03
info: ECashier.Jobs.PaymentStatusCheckJob[0]
      PaymentStatusCheckJob started at 09/25/2026 06:15:33
info: Microsoft.EntityFrameworkCore.Database.Command[20101]
      Executed DbCommand (5ms) [Parameters=[], CommandType='Text', CommandTimeout='30']
      SELECT [p].[Id], [p].[Amount], [p].[CreatedAt], [p].[Description], [p].[ExternalReferenceId], [p].[FeeStructureId], [p].[PaidAt], [p].[PaymentType], [p].[Status], [p].[StudentId]
      FROM [Payments] AS [p]
      WHERE [p].[Status] = N'Pending' AND [p].[ExternalReferenceId] IS NOT NULL
info: ECashier.Jobs.PaymentStatusCheckJob[0]
      Found 0 pending payments to check
info: ECashier.Jobs.PaymentStatusCheckJob[0]
      PaymentStatusCheckJob completed at 09/25/2026 06:15:33
info: ECashier.Jobs.PaymentStatusCheckJob[0]
      PaymentStatusCheckJob started at 09/25/2026 06:16:03
info: Microsoft.EntityFrameworkCore.Database.Command[20101]
      Executed DbCommand (1ms) [Parameters=[], CommandType='Text', CommandTimeout='30']
      SELECT [p].[Id], [p].[Amount], [p].[CreatedAt], [p].[Description], [p].[ExternalReferenceId], [p].[FeeStructureId], [p].[PaidAt], [p].[PaymentType], [p].[Status], [p].[StudentId]
      FROM [Payments] AS [p]
      WHERE [p].[Status] = N'Pending' AND [p].[ExternalReferenceId] IS NOT NULL
info: ECashier.Jobs.PaymentStatusCheckJob[0]
      Found 0 pending payments to check
info: ECashier.Jobs.PaymentStatusCheckJob[0]
      PaymentStatusCheckJob completed at 09/25/2026 06:16:03
info: ECashier.Jobs.PaymentStatusCheckJob[0]
      PaymentStatusCheckJob started at 09/25/2026 06:16:33
info: Microsoft.EntityFrameworkCore.Database.Command[20101]
      Executed DbCommand (6ms) [Parameters=[], CommandType='Text', CommandTimeout='30']
      SELECT [p].[Id], [p].[Amount], [p].[CreatedAt], [p].[Description], [p].[ExternalReferenceId], [p].[FeeStructureId], [p].[PaidAt], [p].[PaymentType], [p].[Status], [p].[StudentId]
      FROM [Payments] AS [p]
      WHERE [p].[Status] = N'Pending' AND [p].[ExternalReferenceId] IS NOT NULL
info: ECashier.Jobs.PaymentStatusCheckJob[0]
      Found 0 pending payments to check
info: ECashier.Jobs.PaymentStatusCheckJob[0]
      PaymentStatusCheckJob completed at 09/25/2026 06:16:33
info: ECashier.Jobs.PaymentStatusCheckJob[0]
      PaymentStatusCheckJob started at 09/25/2026 06:17:03
info: Microsoft.EntityFrameworkCore.Database.Command[20101]
      Executed DbCommand (1ms) [Parameters=[], CommandType='Text', CommandTimeout='30']
      SELECT [p].[Id], [p].[Amount], [p].[CreatedAt], [p].[Description], [p].[ExternalReferenceId], [p].[FeeStructureId], [p].[PaidAt], [p].[PaymentType], [p].[Status], [p].[StudentId]
      FROM [Payments] AS [p]
      WHERE [p].[Status] = N'Pending' AND [p].[ExternalReferenceId] IS NOT NULL
info: ECashier.Jobs.PaymentStatusCheckJob[0]
      Found 0 pending payments to check
info: ECashier.Jobs.PaymentStatusCheckJob[0]
      PaymentStatusCheckJob completed at 09/25/2026 06:17:03
info: ECashier.Jobs.PaymentStatusCheckJob[0]
      PaymentStatusCheckJob started at 09/25/2026 06:17:33
info: Microsoft.EntityFrameworkCore.Database.Command[20101]
      Executed DbCommand (5ms) [Parameters=[], CommandType='Text', CommandTimeout='30']
      SELECT [p].[Id], [p].[Amount], [p].[CreatedAt], [p].[Description], [p].[ExternalReferenceId], [p].[FeeStructureId], [p].[PaidAt], [p].[PaymentType], [p].[Status], [p].[StudentId]
      FROM [Payments] AS [p]
      WHERE [p].[Status] = N'Pending' AND [p].[ExternalReferenceId] IS NOT NULL
info: ECashier.Jobs.PaymentStatusCheckJob[0]
      Found 0 pending payments to check
info: ECashier.Jobs.PaymentStatusCheckJob[0]
      PaymentStatusCheckJob completed at 09/25/2026 06:17:33
info: ECashier.Jobs.PaymentStatusCheckJob[0]
      PaymentStatusCheckJob started at 09/25/2026 06:18:03
info: Microsoft.EntityFrameworkCore.Database.Command[20101]
      Executed DbCommand (7ms) [Parameters=[], CommandType='Text', CommandTimeout='30']
      SELECT [p].[Id], [p].[Amount], [p].[CreatedAt], [p].[Description], [p].[ExternalReferenceId], [p].[FeeStructureId], [p].[PaidAt], [p].[PaymentType], [p].[Status], [p].[StudentId]
      FROM [Payments] AS [p]
      WHERE [p].[Status] = N'Pending' AND [p].[ExternalReferenceId] IS NOT NULL
info: ECashier.Jobs.PaymentStatusCheckJob[0]
      Found 0 pending payments to check
info: ECashier.Jobs.PaymentStatusCheckJob[0]
      PaymentStatusCheckJob completed at 09/25/2026 06:18:03
info: ECashier.Jobs.PaymentStatusCheckJob[0]
      PaymentStatusCheckJob started at 09/25/2026 06:18:33
info: Microsoft.EntityFrameworkCore.Database.Command[20101]
      Executed DbCommand (8ms) [Parameters=[], CommandType='Text', CommandTimeout='30']
      SELECT [p].[Id], [p].[Amount], [p].[CreatedAt], [p].[Description], [p].[ExternalReferenceId], [p].[FeeStructureId], [p].[PaidAt], [p].[PaymentType], [p].[Status], [p].[StudentId]
      FROM [Payments] AS [p]
      WHERE [p].[Status] = N'Pending' AND [p].[ExternalReferenceId] IS NOT NULL
info: ECashier.Jobs.PaymentStatusCheckJob[0]
      Found 0 pending payments to check
info: ECashier.Jobs.PaymentStatusCheckJob[0]
      PaymentStatusCheckJob completed at 09/25/2026 06:18:33
info: ECashier.Jobs.PaymentStatusCheckJob[0]
      PaymentStatusCheckJob started at 09/25/2026 06:19:03
info: Microsoft.EntityFrameworkCore.Database.Command[20101]
      Executed DbCommand (6ms) [Parameters=[], CommandType='Text', CommandTimeout='30']
      SELECT [p].[Id], [p].[Amount], [p].[CreatedAt], [p].[Description], [p].[ExternalReferenceId], [p].[FeeStructureId], [p].[PaidAt], [p].[PaymentType], [p].[Status], [p].[StudentId]
      FROM [Payments] AS [p]
      WHERE [p].[Status] = N'Pending' AND [p].[ExternalReferenceId] IS NOT NULL
info: ECashier.Jobs.PaymentStatusCheckJob[0]
      Found 0 pending payments to check
info: ECashier.Jobs.PaymentStatusCheckJob[0]
      PaymentStatusCheckJob completed at 09/25/2026 06:19:03
info: ECashier.Jobs.PaymentStatusCheckJob[0]
      PaymentStatusCheckJob started at 09/25/2026 06:19:33
info: Microsoft.EntityFrameworkCore.Database.Command[20101]
      Executed DbCommand (1ms) [Parameters=[], CommandType='Text', CommandTimeout='30']
      SELECT [p].[Id], [p].[Amount], [p].[CreatedAt], [p].[Description], [p].[ExternalReferenceId], [p].[FeeStructureId], [p].[PaidAt], [p].[PaymentType], [p].[Status], [p].[StudentId]
      FROM [Payments] AS [p]
      WHERE [p].[Status] = N'Pending' AND [p].[ExternalReferenceId] IS NOT NULL
info: ECashier.Jobs.PaymentStatusCheckJob[0]
      Found 0 pending payments to check
info: ECashier.Jobs.PaymentStatusCheckJob[0]
      PaymentStatusCheckJob completed at 09/25/2026 06:19:33
info: ECashier.Jobs.AbandonedPaymentJob[0]
      AbandonedPaymentJob started at 09/25/2026 06:20:00
info: Microsoft.EntityFrameworkCore.Database.Command[20101]
      Executed DbCommand (20ms) [Parameters=[@__cutoffTime_0='?' (DbType = DateTime2)], CommandType='Text', CommandTimeout='30']
      SELECT [p].[Id], [p].[Amount], [p].[CreatedAt], [p].[Description], [p].[ExternalReferenceId], [p].[FeeStructureId], [p].[PaidAt], [p].[PaymentType], [p].[Status], [p].[StudentId]
      FROM [Payments] AS [p]
      WHERE [p].[Status] = N'Pending' AND [p].[CreatedAt] < @__cutoffTime_0
info: ECashier.Jobs.AbandonedPaymentJob[0]
      Found 0 abandoned payments
info: ECashier.Jobs.AbandonedPaymentJob[0]
      AbandonedPaymentJob completed at 09/25/2026 06:20:00
info: ECashier.Jobs.PaymentStatusCheckJob[0]
      PaymentStatusCheckJob started at 09/25/2026 06:20:03
info: Microsoft.EntityFrameworkCore.Database.Command[20101]
      Executed DbCommand (5ms) [Parameters=[], CommandType='Text', CommandTimeout='30']
      SELECT [p].[Id], [p].[Amount], [p].[CreatedAt], [p].[Description], [p].[ExternalReferenceId], [p].[FeeStructureId], [p].[PaidAt], [p].[PaymentType], [p].[Status], [p].[StudentId]
      FROM [Payments] AS [p]
      WHERE [p].[Status] = N'Pending' AND [p].[ExternalReferenceId] IS NOT NULL
info: ECashier.Jobs.PaymentStatusCheckJob[0]
      Found 0 pending payments to check
info: ECashier.Jobs.PaymentStatusCheckJob[0]
      PaymentStatusCheckJob completed at 09/25/2026 06:20:03
info: ECashier.Jobs.PaymentStatusCheckJob[0]
      PaymentStatusCheckJob started at 09/25/2026 06:20:33
info: Microsoft.EntityFrameworkCore.Database.Command[20101]
      Executed DbCommand (2ms) [Parameters=[], CommandType='Text', CommandTimeout='30']
      SELECT [p].[Id], [p].[Amount], [p].[CreatedAt], [p].[Description], [p].[ExternalReferenceId], [p].[FeeStructureId], [p].[PaidAt], [p].[PaymentType], [p].[Status], [p].[StudentId]
      FROM [Payments] AS [p]
      WHERE [p].[Status] = N'Pending' AND [p].[ExternalReferenceId] IS NOT NULL
info: ECashier.Jobs.PaymentStatusCheckJob[0]
      Found 0 pending payments to check
info: ECashier.Jobs.PaymentStatusCheckJob[0]
      PaymentStatusCheckJob completed at 09/25/2026 06:20:33
info: ECashier.Jobs.PaymentStatusCheckJob[0]
      PaymentStatusCheckJob started at 09/25/2026 06:21:03
info: Microsoft.EntityFrameworkCore.Database.Command[20101]
      Executed DbCommand (8ms) [Parameters=[], CommandType='Text', CommandTimeout='30']
      SELECT [p].[Id], [p].[Amount], [p].[CreatedAt], [p].[Description], [p].[ExternalReferenceId], [p].[FeeStructureId], [p].[PaidAt], [p].[PaymentType], [p].[Status], [p].[StudentId]
      FROM [Payments] AS [p]
      WHERE [p].[Status] = N'Pending' AND [p].[ExternalReferenceId] IS NOT NULL
info: ECashier.Jobs.PaymentStatusCheckJob[0]
      Found 0 pending payments to check
info: ECashier.Jobs.PaymentStatusCheckJob[0]
      PaymentStatusCheckJob completed at 09/25/2026 06:21:03
info: ECashier.Jobs.PaymentStatusCheckJob[0]
      PaymentStatusCheckJob started at 09/25/2026 06:21:33
info: Microsoft.EntityFrameworkCore.Database.Command[20101]
      Executed DbCommand (13ms) [Parameters=[], CommandType='Text', CommandTimeout='30']
      SELECT [p].[Id], [p].[Amount], [p].[CreatedAt], [p].[Description], [p].[ExternalReferenceId], [p].[FeeStructureId], [p].[PaidAt], [p].[PaymentType], [p].[Status], [p].[StudentId]
      FROM [Payments] AS [p]
      WHERE [p].[Status] = N'Pending' AND [p].[ExternalReferenceId] IS NOT NULL
info: ECashier.Jobs.PaymentStatusCheckJob[0]
      Found 0 pending payments to check
info: ECashier.Jobs.PaymentStatusCheckJob[0]
      PaymentStatusCheckJob completed at 09/25/2026 06:21:33
info: ECashier.Jobs.PaymentStatusCheckJob[0]
      PaymentStatusCheckJob started at 09/25/2026 06:22:03
info: Microsoft.EntityFrameworkCore.Database.Command[20101]
      Executed DbCommand (15ms) [Parameters=[], CommandType='Text', CommandTimeout='30']
      SELECT [p].[Id], [p].[Amount], [p].[CreatedAt], [p].[Description], [p].[ExternalReferenceId], [p].[FeeStructureId], [p].[PaidAt], [p].[PaymentType], [p].[Status], [p].[StudentId]
      FROM [Payments] AS [p]
      WHERE [p].[Status] = N'Pending' AND [p].[ExternalReferenceId] IS NOT NULL
info: ECashier.Jobs.PaymentStatusCheckJob[0]
      Found 0 pending payments to check
info: ECashier.Jobs.PaymentStatusCheckJob[0]
      PaymentStatusCheckJob completed at 09/25/2026 06:22:03
info: ECashier.Jobs.PaymentStatusCheckJob[0]
      PaymentStatusCheckJob started at 09/25/2026 06:43:35
info: ECashier.Jobs.AbandonedPaymentJob[0]
      AbandonedPaymentJob started at 09/25/2026 06:43:35
info: Microsoft.EntityFrameworkCore.Database.Command[20101]
      Executed DbCommand (41ms) [Parameters=[], CommandType='Text', CommandTimeout='30']
      SELECT [p].[Id], [p].[Amount], [p].[CreatedAt], [p].[Description], [p].[ExternalReferenceId], [p].[FeeStructureId], [p].[PaidAt], [p].[PaymentType], [p].[Status], [p].[StudentId]
      FROM [Payments] AS [p]
      WHERE [p].[Status] = N'Pending' AND [p].[ExternalReferenceId] IS NOT NULL
info: ECashier.Jobs.PaymentStatusCheckJob[0]
      Found 0 pending payments to check
info: ECashier.Jobs.PaymentStatusCheckJob[0]
      PaymentStatusCheckJob completed at 09/25/2026 06:43:35
info: Microsoft.EntityFrameworkCore.Database.Command[20101]
      Executed DbCommand (10ms) [Parameters=[@__cutoffTime_0='?' (DbType = DateTime2)], CommandType='Text', CommandTimeout='30']
      SELECT [p].[Id], [p].[Amount], [p].[CreatedAt], [p].[Description], [p].[ExternalReferenceId], [p].[FeeStructureId], [p].[PaidAt], [p].[PaymentType], [p].[Status], [p].[StudentId]
      FROM [Payments] AS [p]
      WHERE [p].[Status] = N'Pending' AND [p].[CreatedAt] < @__cutoffTime_0
info: ECashier.Jobs.AbandonedPaymentJob[0]
      Found 0 abandoned payments
info: ECashier.Jobs.AbandonedPaymentJob[0]
      AbandonedPaymentJob completed at 09/25/2026 06:43:35
